transaction_id,customer_id,timestamp,amount,amount_proxy,merchant_category,channel,city,customer_tenure_months,is_fraud
1,10044,2025-03-04 22:44:50,30.03,36.47,fuel,pos,Indore,57.0,0
2,10386,2025-01-09 23:38:06,66.67,74.47,grocery,mobile,Pune,,0
3,10327,2025-03-09 18:49:06,68.88,,grocery,web,Bhopal,42.0,0
4,10219,2025-01-10 15:59:25,28.57,41.04,,mobile,Ujjain,63.0,0
5,10216,2025-01-05 13:51:41,31.12,28.22,fashion,mobile,Indore,60.0,0
6,10429,2025-01-11 09:06:18,57.5,63.78,fuel,mobile,Dewas,2.0,0
7,10042,2025-02-11 09:14:14,23.62,,travel,web,Dewas,68.0,0
8,10348,2025-02-25 18:16:10,30.97,43.67,grocery,web,Delhi,68.0,0
9,10100,2025-02-06 15:49:18,42.87,64.53,fashion,pos,Indore,118.0,0
10,10047,2025-01-11 23:27:10,77.27,87.18,electronics,mobile,,61.0,0
11,10263,2025-01-18 22:12:14,27.3,,restaurant,web,Delhi,108.0,0
12,10487,2025-03-18 17:08:44,12.21,18.55,restaurant,mobile,Delhi,42.0,0
13,10367,2025-03-28 15:16:02,11.64,5.8,electronics,pos,Dewas,83.0,0
14,10380,2025-03-09 21:13:35,17.84,,grocery,web,Indore,108.0,0
15,10358,2025-01-10 07:22:26,,,travel,web,Bhopal,19.0,0
16,10393,2025-03-15 18:47:13,36.58,,electronics,mobile,,68.0,0
17,10256,2025-03-04 06:41:45,18.68,17.02,restaurant,mobile,Dewas,110.0,0
18,10064,2025-02-17 08:17:26,25.62,23.5,restaurant,mobile,Dewas,67.0,0
19,10419,2025-01-13 21:23:42,24.46,28.4,,pos,Dewas,,0
20,10225,2025-03-31 16:49:21,30.38,30.75,fuel,web,Dewas,50.0,0
21,10250,2025-02-09 20:01:47,95.55,98.14,grocery,mobile,Ujjain,106.0,0
22,10185,2025-01-04 23:25:05,62.19,,grocery,mobile,Dewas,75.0,0
23,10091,2025-01-19 21:31:55,40.87,48.49,restaurant,mobile,Ujjain,58.0,0
24,10463,2025-02-06 02:43:56,29.97,32.14,restaurant,mobile,Bhopal,26.0,0
25,10390,2025-01-06 14:37:33,30.52,22.87,restaurant,pos,Bhopal,21.0,0
26,10321,2025-01-30 03:42:11,50.05,,grocery,mobile,Delhi,35.0,0
27,10201,2025-02-12 03:45:06,59.13,44.32,fuel,mobile,Pune,90.0,0
28,10411,2025-03-27 09:04:27,22.42,21.54,travel,web,Dewas,56.0,0
29,10272,2025-01-08 18:34:12,41.42,41.43,fashion,mobile,Indore,47.0,0
30,10221,2025-02-21 22:01:10,10.8,13.28,restaurant,mobile,Delhi,56.0,0
31,10225,2025-03-24 10:02:38,,56.47,fashion,mobile,Ujjain,42.0,0
32,10113,2025-03-14 13:22:20,66.38,83.36,grocery,web,Indore,97.0,0
33,10046,2025-03-25 05:52:25,33.72,32.07,,pos,Ujjain,47.0,0
34,10277,2025-01-16 07:56:13,131.73,152.23,,pos,Pune,57.0,0
35,10443,2025-03-14 02:54:04,22.81,27.11,electronics,pos,Bhopal,67.0,0
36,10031,2025-03-30 01:50:59,46.59,38.49,,pos,Ujjain,77.0,0
37,10429,2025-01-30 08:13:50,39.52,59.47,,web,Indore,40.0,0
38,10413,2025-02-14 21:03:41,37.89,30.93,fashion,mobile,Dewas,9.0,0
39,10138,2025-02-17 18:37:02,37.55,45.41,grocery,mobile,Delhi,83.0,0
40,10315,2025-02-14 10:19:54,43.36,51.68,fashion,pos,Bhopal,67.0,0
41,10082,2025-01-27 01:55:43,70.19,80.82,travel,web,Indore,78.0,0
42,10379,2025-03-29 09:06:39,99.04,106.97,travel,web,Bhopal,65.0,0
43,10350,2025-03-28 02:01:58,40.39,51.85,fuel,mobile,Dewas,61.0,0
44,10177,2025-02-04 06:22:54,,64.47,electronics,web,Indore,113.0,0
45,10033,2025-03-14 11:25:50,25.63,28.18,fashion,mobile,Ujjain,7.0,0
46,10485,2025-02-05 18:39:14,66.54,70.01,fashion,web,Indore,11.0,0
47,10222,2025-03-13 12:47:27,24.65,,fashion,mobile,Bhopal,112.0,0
48,10446,2025-02-22 15:03:57,,95.47,fashion,pos,Ujjain,,0
49,10338,2025-02-12 07:33:59,170.19,199.23,restaurant,mobile,Ujjain,49.0,1
50,10389,2025-01-12 12:35:37,37.36,39.1,travel,web,,65.0,0
51,10379,2025-02-28 21:54:58,9.73,17.14,fashion,web,Delhi,54.0,0
52,10097,2025-01-29 21:32:41,28.33,32.13,grocery,web,,119.0,0
53,10181,2025-01-20 12:24:52,90.08,93.75,restaurant,web,,55.0,0
54,10233,2025-01-18 09:19:47,57.95,62.84,fuel,mobile,Bhopal,91.0,0
55,10248,2025-03-30 08:51:20,47.55,50.86,restaurant,mobile,Ujjain,44.0,0
56,10021,2025-01-10 07:05:32,77.92,81.7,,web,Ujjain,46.0,0
57,10273,2025-03-13 20:48:56,55.42,65.5,electronics,web,Pune,81.0,0
58,10077,2025-03-19 22:52:20,,101.85,grocery,pos,Dewas,48.0,0
59,10371,2025-01-03 19:04:27,73.52,69.62,travel,web,Ujjain,2.0,0
60,10341,2025-02-23 00:57:19,108.76,108.6,travel,mobile,Dewas,21.0,0
61,10461,2025-02-21 23:11:39,51.07,60.6,grocery,mobile,Dewas,104.0,0
62,10372,2025-02-02 06:43:59,72.85,75.07,grocery,web,Indore,44.0,0
63,10183,2025-03-02 00:06:10,33.13,39.52,fuel,pos,Delhi,13.0,0
64,10483,2025-02-06 18:43:33,27.36,36.89,electronics,web,Indore,112.0,0
65,10205,2025-02-09 13:44:01,122.66,127.21,restaurant,mobile,Ujjain,119.0,0
66,10162,2025-02-08 20:04:51,46.55,40.84,grocery,mobile,Delhi,60.0,0
67,10452,2025-03-14 01:27:23,68.25,89.84,fuel,pos,Bhopal,75.0,0
68,10185,2025-02-26 23:36:08,43.83,51.9,grocery,mobile,Ujjain,90.0,0
69,10038,2025-02-04 02:44:29,27.63,27.59,fuel,pos,Indore,8.0,0
70,10234,2025-03-25 09:49:18,40.74,38.16,fuel,mobile,Dewas,36.0,0
71,10397,2025-03-14 04:26:49,102.86,111.12,restaurant,mobile,Delhi,67.0,0
72,10094,2025-03-25 22:48:14,58.03,55.47,travel,mobile,Ujjain,66.0,0
73,10231,2025-03-07 17:52:54,13.3,21.96,fuel,mobile,Bhopal,40.0,0
74,10064,2025-02-05 05:37:21,35.17,33.18,grocery,mobile,Bhopal,,0
75,10343,2025-03-11 13:33:14,128.83,153.04,travel,web,Pune,114.0,0
76,10237,2025-01-30 15:12:24,35.2,36.22,,web,Delhi,74.0,0
77,10165,2025-01-25 09:12:22,12.55,5.71,restaurant,mobile,Ujjain,90.0,0
78,10113,2025-02-10 14:15:37,138.45,151.65,travel,web,,53.0,0
79,10282,2025-03-29 05:41:46,63.03,49.6,restaurant,mobile,Pune,61.0,0
80,10334,2025-02-21 02:44:16,38.65,42.32,travel,web,Bhopal,53.0,0
81,10470,2025-02-04 12:46:37,31.77,34.22,grocery,mobile,Indore,52.0,0
82,10218,2025-02-11 13:31:36,81.74,98.15,electronics,mobile,Ujjain,80.0,0
83,10080,2025-01-27 05:01:37,28.44,16.76,grocery,mobile,Dewas,119.0,0
84,10416,2025-03-01 06:54:26,85.32,104.85,fuel,mobile,Pune,93.0,0
85,10314,2025-02-01 12:55:02,57.54,71.01,restaurant,web,,80.0,0
86,10350,2025-02-19 21:30:06,47.42,63.13,restaurant,web,,2.0,0
87,10048,2025-02-03 06:48:26,,49.37,travel,mobile,Ujjain,62.0,0
88,10156,2025-01-29 20:44:44,36.1,48.54,grocery,pos,Bhopal,114.0,0
89,10383,2025-03-29 07:42:32,79.81,77.62,,mobile,Indore,48.0,0
90,10416,2025-02-01 02:46:42,23.05,31.52,grocery,mobile,Indore,66.0,0
91,10217,2025-01-07 08:19:26,14.09,9.61,travel,mobile,Dewas,39.0,0
92,10402,2025-02-04 01:45:37,60.3,54.32,fashion,mobile,Delhi,23.0,0
93,10420,2025-02-17 21:25:51,60.97,59.29,travel,mobile,Ujjain,84.0,0
94,10193,2025-01-09 12:25:18,55.27,61.95,grocery,mobile,Dewas,38.0,0
95,10449,2025-01-28 12:16:42,52.72,52.45,,web,Dewas,70.0,0
96,10144,2025-01-15 22:41:43,32.84,39.79,restaurant,web,Delhi,71.0,0
97,10119,2025-02-15 01:24:01,67.48,61.11,grocery,mobile,Pune,101.0,0
98,10341,2025-03-07 01:55:32,39.27,26.97,restaurant,mobile,Pune,112.0,0
99,10318,2025-03-29 03:55:02,29.47,43.99,travel,pos,Ujjain,66.0,0
100,10069,2025-02-05 00:26:56,33.03,44.22,electronics,mobile,Pune,6.0,0
101,10416,2025-03-19 16:38:18,150.42,160.08,grocery,web,,70.0,1
102,10099,2025-01-20 07:24:15,13.1,14.65,,pos,Pune,106.0,0
103,10402,2025-03-12 05:52:24,55.97,70.84,travel,web,Indore,57.0,0
104,10003,2025-02-20 15:22:20,,18.56,restaurant,pos,Indore,68.0,0
105,10398,2025-03-10 05:39:15,37.7,43.41,travel,web,Indore,91.0,0
106,10393,2025-03-09 23:57:55,30.51,42.93,grocery,mobile,Indore,53.0,0
107,10390,2025-02-17 22:03:13,10.43,5.84,travel,mobile,Bhopal,50.0,0
108,10332,2025-01-24 04:01:56,52.08,58.58,fuel,web,Dewas,58.0,0
109,10235,2025-02-17 08:33:28,31.59,35.24,,web,,102.0,0
110,10352,2025-03-16 09:51:58,10.33,9.39,restaurant,web,Indore,59.0,0
111,10138,2025-03-29 08:37:24,69.81,75.07,fashion,mobile,,39.0,0
112,10390,2025-03-25 11:24:37,102.8,115.72,restaurant,mobile,Indore,72.0,0
113,10277,2025-01-17 07:58:07,106.55,119.61,fuel,pos,,83.0,0
114,10229,2025-02-23 18:22:19,51.08,48.82,fuel,web,Delhi,109.0,0
115,10252,2025-01-10 09:55:30,41.68,53.1,restaurant,mobile,Dewas,107.0,0
116,10284,2025-03-02 04:55:36,95.9,99.6,electronics,web,Ujjain,94.0,0
117,10018,2025-03-31 07:26:42,120.73,133.47,restaurant,pos,Ujjain,92.0,0
118,10069,2025-01-05 17:33:50,84.51,92.29,fashion,pos,Pune,54.0,0
119,10122,2025-03-01 02:11:48,21.93,27.43,electronics,pos,Dewas,41.0,0
120,10057,2025-03-27 02:19:22,46.1,34.68,fashion,pos,Ujjain,67.0,0
121,10219,2025-03-18 05:55:06,,,restaurant,mobile,Pune,85.0,0
122,10334,2025-02-05 07:46:01,12.48,8.56,travel,mobile,Ujjain,62.0,0
123,10327,2025-01-10 08:28:16,54.88,71.23,fashion,mobile,Ujjain,25.0,0
124,10235,2025-03-25 03:37:29,177.23,194.67,,pos,Delhi,2.0,1
125,10427,2025-03-24 22:03:24,61.31,68.28,,mobile,Dewas,7.0,0
126,10282,2025-02-22 02:35:29,105.4,133.36,electronics,mobile,Indore,51.0,0
127,10039,2025-03-30 02:24:45,,48.8,fuel,pos,Delhi,95.0,0
128,10382,2025-01-01 09:58:35,38.57,53.11,electronics,pos,Ujjain,94.0,0
129,10287,2025-02-25 11:52:44,51.82,58.35,fashion,pos,Delhi,97.0,0
130,10317,2025-01-04 11:15:02,23.8,29.98,electronics,web,Bhopal,85.0,0
131,10282,2025-03-26 05:05:58,21.62,24.77,electronics,web,Delhi,3.0,0
132,10276,2025-03-03 05:42:16,92.12,109.96,,mobile,Pune,106.0,0
133,10045,2025-03-24 05:00:21,98.69,105.05,grocery,mobile,Delhi,113.0,0
134,10279,2025-02-20 15:21:46,21.24,,restaurant,mobile,Pune,102.0,0
135,10397,2025-01-08 11:50:53,75.88,79.88,travel,web,Dewas,54.0,0
136,10151,2025-01-03 09:18:36,38.22,43.6,fashion,pos,Indore,26.0,0
137,10301,2025-01-31 04:50:19,,54.73,restaurant,web,Dewas,108.0,0
138,10015,2025-03-08 21:52:24,54.55,66.78,grocery,mobile,Bhopal,23.0,0
139,10173,2025-01-14 14:13:47,77.19,96.89,grocery,pos,Delhi,94.0,0
140,10218,2025-03-18 16:38:02,,39.99,grocery,mobile,Ujjain,115.0,0
141,10491,2025-01-22 13:17:03,101.15,107.42,fashion,mobile,Delhi,108.0,0
142,10107,2025-02-14 16:15:42,49.46,43.91,restaurant,web,Bhopal,63.0,0
143,10138,2025-01-19 06:39:18,60.69,,travel,web,Delhi,100.0,0
144,10204,2025-02-11 22:02:09,23.53,28.79,grocery,mobile,Bhopal,99.0,0
145,10496,2025-02-10 16:41:45,164.54,188.12,fashion,mobile,Bhopal,116.0,1
146,10426,2025-01-01 11:49:18,54.89,50.76,grocery,web,Ujjain,43.0,0
147,10017,2025-02-21 02:28:22,64.29,72.0,restaurant,pos,Delhi,75.0,0
148,10116,2025-03-12 19:09:48,14.22,,restaurant,mobile,,98.0,0
149,10410,2025-03-26 06:21:22,,24.51,electronics,pos,Ujjain,28.0,0
150,10029,2025-01-30 18:20:48,90.43,109.89,fuel,mobile,Bhopal,27.0,0
151,10427,2025-03-21 06:03:58,48.74,73.08,grocery,pos,Indore,47.0,0
152,10140,2025-03-21 02:07:45,11.66,5.48,travel,web,Pune,43.0,0
153,10458,2025-03-30 22:54:24,79.43,80.78,fashion,web,Bhopal,90.0,0
154,10146,2025-02-03 13:48:39,28.4,,restaurant,pos,Ujjain,112.0,0
155,10217,2025-03-18 13:55:32,101.23,126.23,restaurant,pos,Ujjain,19.0,0
156,10330,2025-02-20 20:34:05,38.2,51.12,fuel,mobile,Ujjain,39.0,0
157,10063,2025-01-06 05:51:53,46.2,50.66,grocery,web,Dewas,111.0,0
158,10278,2025-01-25 07:56:17,87.04,97.78,restaurant,mobile,Bhopal,71.0,0
159,10252,2025-03-02 11:37:51,22.57,,fuel,pos,Ujjain,25.0,0
160,10391,2025-01-15 10:52:14,21.21,30.88,grocery,pos,Pune,72.0,0
161,10498,2025-02-09 03:01:15,35.6,36.83,travel,mobile,Dewas,105.0,0
162,10332,2025-03-11 17:48:03,69.25,75.48,restaurant,web,Bhopal,45.0,0
163,10204,2025-01-14 11:28:50,17.03,23.94,restaurant,mobile,Dewas,58.0,0
164,10203,2025-02-14 16:38:07,13.68,13.82,,mobile,Dewas,74.0,0
165,10208,2025-01-20 08:05:40,69.09,75.5,fashion,mobile,Indore,101.0,0
166,10407,2025-02-18 06:48:50,27.33,30.69,travel,mobile,Delhi,68.0,0
167,10160,2025-01-22 15:56:12,31.34,41.46,electronics,pos,Ujjain,115.0,0
168,10083,2025-03-28 21:17:54,12.1,26.72,grocery,web,Indore,90.0,0
169,10167,2025-01-07 21:40:28,26.01,33.82,restaurant,mobile,Dewas,51.0,0
170,10011,2025-03-28 17:19:57,40.25,51.51,electronics,mobile,,59.0,0
171,10053,2025-03-13 06:26:59,74.05,81.34,fuel,mobile,Delhi,83.0,0
172,10045,2025-03-19 00:11:13,24.5,21.78,grocery,pos,Ujjain,9.0,0
173,10385,2025-03-18 15:15:34,118.78,,restaurant,mobile,Bhopal,27.0,0
174,10361,2025-01-17 21:14:09,25.92,30.4,restaurant,mobile,Dewas,29.0,0
175,10348,2025-03-25 19:09:29,25.95,17.68,electronics,web,Ujjain,96.0,0
176,10230,2025-02-23 11:37:44,109.87,,fashion,mobile,,98.0,0
177,10358,2025-03-28 14:15:35,46.41,51.32,grocery,web,Ujjain,98.0,0
178,10080,2025-03-21 00:47:54,28.25,27.56,grocery,web,Ujjain,13.0,0
179,10450,2025-02-22 03:57:28,36.57,52.81,fuel,mobile,Indore,36.0,0
180,10250,2025-02-03 16:50:31,97.47,113.01,,mobile,Delhi,38.0,0
181,10469,2025-01-11 13:20:24,104.9,128.47,electronics,pos,Indore,3.0,0
182,10076,2025-01-10 02:23:21,23.79,28.75,fuel,mobile,Delhi,31.0,0
183,10248,2025-02-05 01:46:21,39.35,,electronics,pos,Pune,52.0,0
184,10348,2025-03-14 23:40:47,,40.54,fuel,mobile,Indore,106.0,0
185,10247,2025-02-15 11:32:33,21.31,23.96,restaurant,mobile,Indore,21.0,0
186,10223,2025-02-13 08:36:33,39.01,43.8,fashion,pos,Pune,103.0,0
187,10083,2025-01-23 00:01:12,40.59,34.52,travel,mobile,Indore,98.0,0
188,10190,2025-02-20 19:05:17,84.87,90.74,restaurant,pos,Bhopal,19.0,0
189,10119,2025-02-27 10:14:33,88.66,96.71,fuel,mobile,Pune,32.0,0
190,10150,2025-03-30 09:25:54,572.8038967400539,641.5403643488604,electronics,web,Indore,55.0,0
191,10341,2025-03-07 15:32:25,574.6246888478508,643.579651509593,electronics,mobile,Dewas,113.0,0
192,10315,2025-02-24 15:34:36,62.29,65.11,fashion,web,Bhopal,94.0,0
193,10303,2025-03-23 21:45:57,,34.72,,web,Bhopal,116.0,0
194,10180,2025-02-08 05:57:19,59.3,64.96,restaurant,web,Pune,38.0,0
195,10479,2025-03-26 03:29:22,38.2,19.83,grocery,web,Dewas,109.0,0
196,10043,2025-02-03 07:09:58,21.54,20.25,restaurant,mobile,Ujjain,114.0,0
197,10171,2025-01-12 12:00:11,21.72,32.96,grocery,pos,Pune,72.0,0
198,10059,2025-02-07 14:03:27,103.61,102.59,,mobile,,,0
199,10169,2025-01-12 14:08:07,36.54,,restaurant,pos,Indore,32.0,0
200,10480,2025-01-11 15:44:31,117.48,144.26,grocery,mobile,Bhopal,16.0,0
201,10183,2025-03-21 07:24:37,28.97,26.36,restaurant,web,Ujjain,97.0,0
202,10454,2025-03-13 12:39:40,48.88,54.76,restaurant,web,Dewas,38.0,0
203,10247,2025-01-20 21:49:02,191.57,204.13,electronics,pos,Pune,84.0,0
204,10349,2025-03-17 09:28:06,20.34,35.8,electronics,mobile,Indore,32.0,0
205,10228,2025-01-07 04:49:43,11.78,12.53,restaurant,pos,Delhi,117.0,0
206,10132,2025-01-26 14:17:52,93.34,104.91,restaurant,mobile,Pune,93.0,0
207,10382,2025-03-05 13:10:47,23.63,37.3,electronics,mobile,Pune,45.0,0
208,10484,2025-01-28 08:12:02,39.91,49.99,fashion,pos,Dewas,57.0,0
209,10131,2025-03-07 17:53:15,,23.95,electronics,pos,Ujjain,7.0,0
210,10389,2025-03-20 16:33:43,48.15,48.75,grocery,web,Indore,17.0,0
211,10130,2025-01-06 22:41:35,21.81,,restaurant,pos,Pune,119.0,0
212,10358,2025-01-03 03:46:33,35.98,35.3,grocery,mobile,Bhopal,98.0,0
213,10394,2025-03-26 14:24:15,54.18,43.74,electronics,pos,Bhopal,100.0,0
214,10224,2025-02-16 20:11:17,21.0,23.09,fuel,mobile,Delhi,77.0,0
215,10368,2025-02-15 13:59:04,25.66,16.9,electronics,mobile,Delhi,27.0,0
216,10136,2025-02-11 17:32:22,32.27,,grocery,mobile,Delhi,13.0,0
217,10039,2025-02-09 00:36:11,15.98,19.31,restaurant,pos,Pune,87.0,0
218,10048,2025-03-04 02:40:25,30.73,27.18,fuel,web,Pune,40.0,0
219,10223,2025-02-22 04:15:01,43.69,43.34,restaurant,mobile,Ujjain,1.0,0
220,10451,2025-01-15 16:55:33,31.2,19.83,fuel,mobile,Ujjain,3.0,0
221,10063,2025-02-26 09:32:21,33.91,29.18,fuel,mobile,Ujjain,67.0,0
222,10227,2025-03-02 03:35:39,39.93,52.85,electronics,mobile,Dewas,100.0,0
223,10352,2025-01-11 05:22:40,26.41,47.43,restaurant,mobile,Dewas,44.0,0
224,10101,2025-02-03 21:44:43,63.38,76.8,grocery,mobile,Pune,119.0,0
225,10360,2025-03-13 03:29:46,102.86,114.47,grocery,mobile,Pune,46.0,0
226,10152,2025-02-25 16:25:26,29.91,30.04,,mobile,Delhi,88.0,0
227,10404,2025-01-13 06:33:31,55.44,54.44,restaurant,mobile,Indore,30.0,0
228,10289,2025-01-04 14:36:18,34.61,,restaurant,pos,Delhi,73.0,0
229,10273,2025-02-22 07:24:57,51.29,55.93,grocery,mobile,Pune,33.0,0
230,10088,2025-02-11 13:19:50,111.92,142.28,grocery,web,Pune,93.0,0
231,10231,2025-03-28 11:52:16,56.3,,fuel,mobile,Bhopal,,0
232,10428,2025-02-17 00:03:42,12.77,0.38,,web,Delhi,5.0,0
233,10009,2025-03-25 20:00:56,54.33,55.52,travel,web,Bhopal,30.0,0
234,10379,2025-01-20 06:56:42,90.14,95.6,grocery,pos,Indore,42.0,0
235,10246,2025-02-10 06:14:57,35.02,38.58,grocery,mobile,Bhopal,56.0,0
236,10359,2025-01-13 13:35:13,77.26,86.05,,mobile,Ujjain,33.0,0
237,10331,2025-02-21 16:20:05,25.83,52.9,restaurant,pos,Pune,69.0,0
238,10216,2025-01-17 23:06:16,15.4,8.63,grocery,web,Ujjain,115.0,0
239,10154,2025-02-14 07:17:17,44.33,51.48,grocery,web,Indore,85.0,0
240,10313,2025-01-31 23:20:41,12.91,19.39,,web,Dewas,,0
241,10070,2025-01-17 17:10:34,34.61,38.75,grocery,web,Dewas,81.0,0
242,10292,2025-01-09 17:06:35,93.36,105.44,fuel,mobile,Dewas,116.0,0
243,10047,2025-02-16 02:01:56,11.69,,,pos,Indore,29.0,0
244,10324,2025-03-27 06:12:38,17.61,20.58,restaurant,mobile,Bhopal,28.0,0
245,10314,2025-01-18 21:17:46,20.68,,restaurant,web,Pune,5.0,0
246,10042,2025-02-06 10:47:13,38.82,46.1,fashion,mobile,Indore,101.0,0
247,10378,2025-01-21 05:09:01,31.89,40.28,fashion,web,Delhi,100.0,0
248,10207,2025-03-14 19:22:27,100.43,123.78,electronics,mobile,Indore,50.0,0
249,10393,2025-02-07 08:11:21,75.21,91.73,,mobile,,104.0,0
250,10020,2025-03-29 16:44:27,55.81,63.08,electronics,web,Pune,78.0,0
251,10089,2025-01-23 01:33:42,44.46,40.42,restaurant,pos,Ujjain,117.0,0
252,10246,2025-01-08 06:23:17,52.23,53.7,,pos,Dewas,110.0,0
253,10094,2025-02-22 10:14:36,23.1,24.11,electronics,mobile,Bhopal,115.0,0
254,10164,2025-02-28 15:36:21,70.61,81.1,electronics,mobile,Dewas,47.0,0
255,10330,2025-03-31 04:00:04,19.63,18.16,grocery,mobile,Bhopal,76.0,0
256,10072,2025-03-20 10:14:37,69.62,70.49,,web,Bhopal,20.0,0
257,10338,2025-03-21 13:48:25,87.44,88.43,restaurant,web,Delhi,107.0,0
258,10051,2025-02-27 01:56:46,46.39,38.75,fuel,mobile,Dewas,38.0,0
259,10087,2025-02-02 09:12:00,36.07,38.52,,pos,Dewas,54.0,0
260,10293,2025-02-08 14:41:47,52.47,47.01,grocery,mobile,Delhi,71.0,0
261,10396,2025-01-13 00:53:19,6.3,,grocery,mobile,Bhopal,94.0,0
262,10085,2025-02-08 19:07:29,49.23,51.99,travel,mobile,Delhi,88.0,0
263,10149,2025-02-02 19:11:14,37.57,31.39,restaurant,mobile,Delhi,114.0,0
264,10462,2025-01-04 05:32:29,39.14,46.87,fuel,web,Pune,85.0,0
265,10494,2025-01-19 09:39:01,64.02,77.62,grocery,mobile,Bhopal,95.0,0
266,10290,2025-02-18 02:44:15,38.53,38.76,fashion,pos,Dewas,69.0,0
267,10223,2025-02-03 05:46:51,19.28,,electronics,pos,Indore,50.0,0
268,10173,2025-03-31 10:03:10,36.9,45.63,electronics,pos,Indore,109.0,0
269,10306,2025-02-13 01:37:11,42.26,,restaurant,web,Indore,45.0,0
270,10295,2025-03-28 06:48:29,43.58,42.55,fashion,mobile,Dewas,74.0,0
271,10147,2025-03-01 11:08:10,44.94,59.9,restaurant,mobile,Ujjain,35.0,0
272,10011,2025-01-04 15:15:44,79.49,96.1,fashion,web,Ujjain,58.0,0
273,10075,2025-01-19 07:26:29,19.97,27.18,grocery,web,Dewas,44.0,0
274,10479,2025-03-05 12:31:17,45.34,58.19,restaurant,pos,Bhopal,31.0,0
275,10209,2025-02-19 01:27:14,93.55,88.96,restaurant,mobile,Indore,98.0,0
276,10241,2025-01-28 03:48:43,13.1,25.5,fuel,mobile,Dewas,92.0,0
277,10233,2025-02-16 23:42:10,45.46,54.05,electronics,web,Dewas,84.0,0
278,10391,2025-03-23 06:27:23,27.65,39.05,fashion,mobile,Indore,10.0,0
279,10032,2025-02-04 23:36:33,31.79,38.7,grocery,web,Ujjain,30.0,0
280,10041,2025-01-05 01:26:52,22.46,25.55,travel,web,Ujjain,26.0,0
281,10137,2025-01-28 23:40:19,36.23,38.38,fashion,mobile,Delhi,85.0,0
282,10243,2025-03-26 05:29:17,133.86,152.86,fashion,mobile,Ujjain,107.0,0
283,10335,2025-03-10 13:26:20,17.78,17.42,fashion,pos,Indore,46.0,0
284,10245,2025-03-17 08:56:51,18.91,28.12,,mobile,Ujjain,40.0,0
285,10220,2025-03-24 01:04:13,17.35,6.74,grocery,web,Bhopal,67.0,0
286,10468,2025-01-11 13:48:34,124.32,134.91,fashion,web,Delhi,118.0,0
287,10080,2025-01-26 10:34:22,29.95,49.9,travel,mobile,,45.0,0
288,10285,2025-01-06 09:13:14,39.78,39.54,restaurant,web,Pune,34.0,0
289,10271,2025-01-01 10:13:44,31.13,32.96,travel,web,Ujjain,63.0,0
290,10236,2025-03-17 02:58:06,21.89,17.46,restaurant,mobile,Bhopal,109.0,0
291,10403,2025-03-26 07:48:21,34.71,41.56,fuel,web,Indore,87.0,0
292,10133,2025-01-15 00:26:11,199.91,218.01,restaurant,mobile,Ujjain,62.0,1
293,10476,2025-03-06 23:53:06,,110.48,grocery,mobile,Bhopal,88.0,0
294,10165,2025-02-18 03:22:48,23.23,32.81,grocery,web,Dewas,,0
295,10272,2025-01-07 05:31:37,61.62,63.42,travel,pos,,90.0,0
296,10260,2025-03-24 10:00:32,23.56,32.7,grocery,mobile,Dewas,12.0,0
297,10424,2025-03-20 09:52:31,12.75,20.86,restaurant,mobile,Indore,,0
298,10219,2025-02-21 01:41:16,78.47,96.33,electronics,web,Bhopal,42.0,0
299,10142,2025-03-05 17:02:20,85.98,97.42,fuel,mobile,Delhi,83.0,0
300,10010,2025-02-05 18:01:26,79.83,115.34,grocery,web,Dewas,29.0,0
301,10181,2025-03-13 08:31:56,29.8,41.81,grocery,mobile,Dewas,29.0,0
302,10413,2025-02-10 01:14:04,36.29,43.24,restaurant,web,Dewas,106.0,0
303,10004,2025-03-31 00:37:09,65.85,66.74,electronics,pos,Dewas,57.0,0
304,10448,2025-01-06 16:19:59,52.17,57.65,,web,Pune,89.0,0
305,10271,2025-01-16 11:50:34,31.32,46.49,grocery,pos,Dewas,70.0,0
306,10070,2025-03-29 04:30:18,14.12,29.49,grocery,pos,Dewas,74.0,0
307,10151,2025-01-26 23:46:06,43.55,60.6,restaurant,mobile,Bhopal,82.0,0
308,10277,2025-01-28 23:00:46,81.56,97.63,grocery,mobile,,80.0,0
309,10157,2025-03-13 05:09:18,18.57,10.75,electronics,mobile,Delhi,109.0,0
310,10054,2025-01-18 01:01:30,61.26,72.51,restaurant,pos,Pune,94.0,0
311,10332,2025-02-16 05:14:35,50.17,46.26,fuel,mobile,Delhi,37.0,0
312,10336,2025-01-26 17:51:43,65.86,61.86,restaurant,mobile,Dewas,21.0,0
313,10059,2025-01-18 19:32:31,71.29,81.76,electronics,web,Delhi,101.0,0
314,10140,2025-03-28 19:02:45,,,fashion,pos,Indore,45.0,0
315,10121,2025-01-18 23:46:39,14.14,23.06,travel,web,Ujjain,38.0,0
316,10329,2025-01-09 11:39:28,28.59,36.0,electronics,web,Ujjain,14.0,0
317,10365,2025-03-02 15:42:19,72.09,84.99,fashion,web,Dewas,66.0,0
318,10363,2025-03-20 01:22:28,28.44,23.98,restaurant,mobile,Delhi,61.0,0
319,10469,2025-01-12 11:23:27,25.76,28.01,,pos,Indore,99.0,0
320,10384,2025-03-05 16:56:34,12.38,1.81,fashion,pos,Ujjain,90.0,0
321,10160,2025-02-18 16:06:30,126.37,125.51,grocery,web,Bhopal,87.0,0
322,10053,2025-03-16 16:50:29,69.18,83.41,restaurant,mobile,Pune,65.0,0
323,10307,2025-01-12 10:13:18,66.72,68.7,restaurant,pos,Indore,103.0,0
324,10458,2025-03-29 19:56:19,75.87,,electronics,mobile,Pune,118.0,0
325,10487,2025-02-25 17:16:44,,74.77,electronics,web,Ujjain,97.0,0
326,10115,2025-03-17 19:03:14,34.51,33.7,grocery,mobile,Ujjain,42.0,0
327,10118,2025-02-02 13:50:18,36.36,,fashion,mobile,Dewas,33.0,0
328,10018,2025-03-26 21:42:21,30.63,29.02,grocery,pos,Delhi,1.0,0
329,10070,2025-02-26 08:56:36,224.21,236.35,electronics,mobile,Pune,119.0,1
330,10277,2025-01-12 10:10:48,58.05,66.0,restaurant,web,Indore,88.0,0
331,10273,2025-03-25 01:28:02,,,restaurant,mobile,Indore,112.0,0
332,10185,2025-03-13 14:54:11,54.74,57.79,grocery,web,Bhopal,94.0,0
333,10154,2025-01-28 00:26:05,20.97,39.29,restaurant,pos,Dewas,52.0,0
334,10414,2025-02-19 02:39:34,107.55,108.25,fuel,mobile,Ujjain,18.0,0
335,10230,2025-02-04 22:12:36,26.32,32.54,restaurant,web,Dewas,6.0,0
336,10404,2025-02-18 21:57:01,56.02,54.78,grocery,mobile,Ujjain,95.0,0
337,10481,2025-03-28 21:12:30,80.87,97.84,grocery,web,Pune,37.0,0
338,10158,2025-03-22 21:40:14,,60.56,restaurant,web,Ujjain,46.0,0
339,10101,2025-01-20 09:33:59,43.01,51.21,grocery,mobile,Dewas,100.0,0
340,10476,2025-03-29 11:05:46,40.73,38.06,fuel,pos,Dewas,58.0,0
341,10317,2025-02-09 09:57:43,38.99,37.54,,pos,,114.0,0
342,10145,2025-03-05 10:27:02,27.8,38.55,restaurant,mobile,Dewas,66.0,0
343,10310,2025-03-10 18:43:18,,47.99,fashion,web,Indore,99.0,0
344,10257,2025-02-13 11:08:48,105.82,122.36,,mobile,Dewas,15.0,0
345,10452,2025-02-11 02:22:46,37.69,,fashion,mobile,Dewas,48.0,0
346,10127,2025-02-11 01:49:56,24.27,,fashion,web,Indore,22.0,0
347,10495,2025-03-19 15:06:23,28.92,51.81,travel,pos,Ujjain,7.0,0
348,10468,2025-02-04 18:29:51,82.7,93.44,travel,pos,Ujjain,119.0,0
349,10090,2025-01-26 04:38:02,,81.97,fashion,web,Pune,62.0,0
350,10082,2025-02-02 13:03:14,58.22,59.28,fashion,pos,Ujjain,43.0,0
351,10266,2025-01-18 12:56:48,34.21,37.98,fashion,mobile,Pune,45.0,0
352,10022,2025-02-05 05:39:17,58.71,70.71,restaurant,web,Dewas,29.0,0
353,10149,2025-01-11 06:24:33,26.62,32.99,grocery,mobile,Pune,15.0,0
354,10217,2025-01-09 01:52:01,34.17,32.14,fashion,web,Delhi,109.0,0
355,10484,2025-03-07 03:30:59,75.97,78.61,fashion,web,Ujjain,13.0,0
356,10496,2025-01-07 23:15:42,71.4,,restaurant,pos,Dewas,46.0,0
357,10075,2025-02-21 03:19:23,21.37,33.47,fashion,mobile,Delhi,19.0,0
358,10445,2025-03-12 04:31:07,23.19,,fuel,web,Indore,111.0,0
359,10045,2025-03-07 04:52:48,43.41,,fashion,mobile,Dewas,25.0,0
360,10374,2025-02-10 03:31:02,124.21,140.19,grocery,pos,Bhopal,47.0,0
361,10422,2025-01-18 10:14:43,11.65,10.56,fashion,mobile,,90.0,0
362,10445,2025-03-25 18:16:42,48.47,65.09,grocery,pos,Pune,68.0,0
363,10111,2025-03-17 03:56:51,16.54,24.23,electronics,pos,Ujjain,46.0,0
364,10446,2025-02-25 02:23:50,26.78,22.13,grocery,mobile,Pune,68.0,0
365,10057,2025-01-08 19:24:18,31.92,27.48,fuel,mobile,Ujjain,52.0,0
366,10259,2025-01-04 03:58:48,30.77,38.4,grocery,mobile,Dewas,35.0,0
367,10234,2025-01-15 04:15:01,28.59,,fashion,pos,Bhopal,72.0,0
368,10157,2025-03-19 10:22:15,40.64,45.31,fuel,mobile,Pune,44.0,0
369,10011,2025-01-19 12:34:14,28.56,,,web,Pune,115.0,0
370,10386,2025-01-26 10:31:33,15.63,23.58,electronics,web,Delhi,56.0,0
371,10167,2025-03-29 19:35:23,67.15,85.85,grocery,mobile,Pune,91.0,0
372,10330,2025-03-15 15:26:29,65.98,58.45,restaurant,pos,Delhi,28.0,0
373,10205,2025-01-20 16:24:04,69.97,80.39,restaurant,pos,Ujjain,77.0,0
374,10186,2025-02-04 12:27:11,14.86,22.2,fuel,mobile,,67.0,0
375,10443,2025-02-16 10:01:56,49.12,42.8,restaurant,web,Dewas,89.0,0
376,10047,2025-03-01 18:49:25,62.76,65.05,restaurant,web,,55.0,0
377,10368,2025-03-26 06:08:31,20.69,16.45,fuel,pos,Ujjain,86.0,0
378,10373,2025-03-20 09:37:54,40.69,45.75,fashion,mobile,Delhi,7.0,0
379,10189,2025-03-29 22:44:10,37.5,55.02,restaurant,pos,Ujjain,83.0,0
380,10131,2025-01-04 15:47:38,133.94,166.19,restaurant,web,Dewas,90.0,0
381,10002,2025-01-22 06:32:18,141.31,151.75,electronics,mobile,Indore,60.0,0
382,10468,2025-02-20 16:04:57,13.71,19.57,grocery,pos,Dewas,5.0,0
383,10473,2025-01-05 10:05:38,,233.62,grocery,web,Dewas,68.0,1
384,10120,2025-02-01 23:32:15,22.31,28.09,restaurant,web,Dewas,93.0,0
385,10015,2025-01-14 19:46:47,76.51,88.88,restaurant,mobile,Dewas,55.0,0
386,10061,2025-03-25 23:06:25,76.01,87.56,,mobile,Pune,12.0,0
387,10033,2025-01-06 16:47:22,21.17,37.21,restaurant,pos,Pune,48.0,0
388,10415,2025-01-14 08:33:11,55.74,,grocery,pos,Bhopal,119.0,0
389,10445,2025-01-18 13:28:06,37.72,33.77,electronics,mobile,Pune,33.0,0
390,10076,2025-01-14 08:57:47,57.99,71.31,fashion,web,Pune,64.0,0
391,10373,2025-02-21 04:06:38,46.99,59.77,travel,mobile,Indore,43.0,0
392,10089,2025-02-02 18:59:26,88.02,101.1,grocery,pos,Bhopal,85.0,0
393,10183,2025-03-24 02:53:21,42.48,56.63,fuel,mobile,Delhi,51.0,0
394,10299,2025-01-24 11:22:01,36.27,42.13,travel,pos,Dewas,46.0,0
395,10359,2025-02-18 08:23:34,82.47,93.97,restaurant,mobile,Indore,69.0,0
396,10437,2025-03-01 09:47:37,58.98,67.03,fashion,web,Bhopal,69.0,0
397,10022,2025-02-26 08:08:14,65.08,56.74,restaurant,mobile,Bhopal,60.0,0
398,10098,2025-03-13 16:11:12,26.26,28.77,restaurant,mobile,Delhi,31.0,0
399,10140,2025-01-19 04:01:59,20.5,17.61,electronics,web,Dewas,13.0,0
400,10155,2025-02-15 16:06:18,27.97,21.83,fuel,mobile,Indore,83.0,0
401,10499,2025-03-14 01:15:38,27.02,41.73,electronics,mobile,Indore,41.0,0
402,10388,2025-03-19 16:06:54,67.43,79.56,grocery,web,Ujjain,73.0,0
403,10160,2025-02-25 14:25:26,76.28,85.19,fashion,mobile,Indore,45.0,0
404,10485,2025-02-28 16:05:06,36.57,36.44,travel,mobile,Pune,102.0,0
405,10249,2025-03-19 18:32:07,102.52,117.19,fuel,pos,Ujjain,85.0,0
406,10250,2025-02-26 05:43:19,98.45,118.2,grocery,mobile,,49.0,0
407,10216,2025-03-27 09:30:03,47.38,46.45,restaurant,pos,Indore,40.0,0
408,10071,2025-01-12 11:36:09,23.71,26.52,grocery,pos,Bhopal,90.0,0
409,10467,2025-02-01 07:27:56,112.62,133.08,travel,mobile,Pune,1.0,0
410,10006,2025-01-11 02:18:47,38.87,28.05,restaurant,web,Dewas,7.0,0
411,10087,2025-01-09 03:39:02,43.9,48.71,travel,pos,,11.0,0
412,10114,2025-02-12 11:23:34,32.44,32.9,fashion,web,Delhi,42.0,0
413,10139,2025-01-21 08:00:23,22.68,24.33,grocery,pos,Dewas,60.0,0
414,10065,2025-02-06 15:27:34,15.57,13.43,,mobile,Ujjain,35.0,0
415,10008,2025-02-09 09:44:16,61.03,69.45,fashion,mobile,Pune,23.0,0
416,10338,2025-02-25 21:11:41,24.31,42.62,fuel,mobile,Pune,38.0,0
417,10484,2025-03-27 02:41:53,295.51,328.38,restaurant,mobile,Dewas,59.0,1
418,10060,2025-03-18 10:40:39,19.97,24.7,travel,pos,Indore,36.0,0
419,10148,2025-02-04 01:08:57,17.86,35.96,restaurant,web,Bhopal,69.0,0
420,10253,2025-01-30 07:15:47,56.35,58.71,fashion,pos,,46.0,0
421,10463,2025-03-11 08:52:12,109.3,136.93,restaurant,web,Pune,112.0,0
422,10347,2025-01-12 03:05:20,42.18,47.28,fashion,pos,Delhi,119.0,0
423,10383,2025-02-18 15:25:46,58.67,79.97,fuel,pos,Ujjain,79.0,0
424,10290,2025-02-08 01:42:55,,19.67,fuel,mobile,Dewas,67.0,0
425,10208,2025-01-17 10:52:00,26.04,,electronics,web,Ujjain,4.0,0
426,10099,2025-02-25 11:31:45,20.13,22.02,restaurant,pos,Bhopal,75.0,0
427,10432,2025-01-29 20:47:08,,8.22,fashion,pos,Dewas,46.0,0
428,10402,2025-01-17 16:53:35,43.64,49.48,restaurant,mobile,Dewas,35.0,0
429,10012,2025-02-28 18:53:40,9.41,,,mobile,Bhopal,95.0,0
430,10357,2025-01-16 16:16:04,,19.08,fuel,pos,,6.0,0
431,10042,2025-03-02 13:21:47,28.53,29.42,restaurant,web,Delhi,32.0,0
432,10369,2025-01-15 14:07:22,23.56,24.38,fashion,mobile,Dewas,93.0,0
433,10412,2025-02-09 03:04:51,52.34,,grocery,mobile,Indore,111.0,0
434,10065,2025-03-14 17:15:53,49.33,65.05,grocery,web,Delhi,62.0,0
435,10216,2025-01-21 13:52:28,72.31,75.65,travel,pos,Dewas,63.0,0
436,10061,2025-03-11 02:04:34,65.96,68.53,grocery,mobile,Delhi,116.0,0
437,10283,2025-03-06 23:19:07,84.9,,fashion,pos,Delhi,12.0,0
438,10463,2025-03-23 05:44:21,40.4,57.47,travel,mobile,Ujjain,58.0,0
439,10040,2025-01-16 04:45:56,49.27,64.35,,mobile,Pune,29.0,0
440,10198,2025-03-06 08:39:05,,53.15,grocery,mobile,Pune,57.0,0
441,10486,2025-03-26 07:12:23,44.35,,travel,mobile,Indore,108.0,0
442,10150,2025-03-10 16:07:13,31.24,27.54,fashion,pos,Ujjain,71.0,0
443,10066,2025-01-17 21:52:18,32.59,34.36,fuel,mobile,Ujjain,118.0,0
444,10244,2025-03-15 23:52:06,,39.46,grocery,pos,Pune,,0
445,10254,2025-01-10 15:47:40,53.2,48.2,grocery,mobile,Pune,103.0,0
446,10331,2025-02-22 23:54:13,38.05,29.67,fashion,web,Ujjain,21.0,0
447,10156,2025-02-14 18:55:08,26.28,22.81,fashion,web,Dewas,39.0,0
448,10477,2025-02-17 19:07:53,26.3,31.75,grocery,pos,Ujjain,33.0,0
449,10260,2025-02-16 18:13:37,18.42,25.6,restaurant,mobile,Indore,92.0,0
450,10143,2025-01-03 19:59:22,76.42,,grocery,mobile,Ujjain,62.0,0
451,10480,2025-02-15 17:41:48,42.57,57.08,fuel,mobile,Indore,27.0,0
452,10462,2025-03-26 07:22:04,23.08,11.74,grocery,mobile,,21.0,0
453,10249,2025-02-09 07:12:06,68.41,,restaurant,mobile,Delhi,46.0,0
454,10012,2025-01-25 22:07:55,28.1,28.98,fashion,mobile,Ujjain,19.0,0
455,10298,2025-03-31 12:48:00,16.21,24.01,grocery,pos,Dewas,83.0,0
456,10277,2025-01-09 21:49:25,78.55,,travel,web,Ujjain,101.0,0
457,10074,2025-02-13 18:21:58,28.53,31.99,grocery,mobile,Dewas,116.0,0
458,10316,2025-02-16 03:12:40,,36.62,electronics,web,Pune,29.0,0
459,10420,2025-02-13 00:21:52,41.54,55.77,grocery,pos,Pune,53.0,0
460,10052,2025-03-24 22:55:41,85.0,82.52,electronics,mobile,Delhi,,0
461,10361,2025-02-07 23:00:52,40.98,46.14,fashion,mobile,Ujjain,60.0,0
462,10070,2025-03-29 14:19:53,18.55,12.09,,pos,Ujjain,54.0,0
463,10374,2025-01-07 00:20:37,57.6,68.56,fashion,mobile,Indore,27.0,0
464,10209,2025-03-08 01:18:08,29.51,39.27,grocery,web,Indore,14.0,0
465,10003,2025-02-23 08:47:10,137.99,164.85,fuel,mobile,,48.0,0
466,10483,2025-01-22 15:34:44,40.42,40.99,travel,web,Dewas,11.0,0
467,10082,2025-01-21 12:24:37,9.46,,fashion,pos,Pune,8.0,0
468,10298,2025-03-06 18:30:33,51.02,68.03,grocery,mobile,Indore,63.0,0
469,10090,2025-02-27 09:14:07,143.16,147.19,grocery,pos,Ujjain,103.0,0
470,10466,2025-02-25 00:07:37,112.66,131.08,restaurant,pos,Delhi,65.0,0
471,10369,2025-01-05 13:48:00,,156.59,restaurant,pos,Delhi,3.0,0
472,10402,2025-02-23 19:25:38,20.85,21.28,restaurant,mobile,Bhopal,101.0,0
473,10216,2025-03-30 07:47:46,,72.28,grocery,web,Indore,82.0,0
474,10233,2025-01-02 13:25:05,25.3,35.88,electronics,mobile,Bhopal,37.0,0
475,10317,2025-02-12 05:03:03,46.8,42.82,restaurant,pos,Ujjain,33.0,0
476,10392,2025-02-14 11:51:20,17.68,18.37,restaurant,pos,Dewas,108.0,0
477,10423,2025-03-22 16:59:29,26.61,29.48,restaurant,pos,Pune,57.0,0
478,10008,2025-01-26 10:56:49,26.06,34.91,electronics,web,Ujjain,17.0,0
479,10331,2025-02-12 19:12:43,,76.22,,web,Indore,34.0,0
480,10054,2025-03-06 13:08:04,68.07,70.76,fashion,pos,Delhi,32.0,0
481,10143,2025-01-06 10:18:52,48.42,55.02,restaurant,web,Indore,48.0,0
482,10414,2025-03-14 02:21:10,16.81,26.88,grocery,mobile,Pune,42.0,0
483,10125,2025-03-15 23:58:52,,55.29,fashion,mobile,Delhi,66.0,0
484,10398,2025-03-06 18:26:15,24.9,15.83,fuel,mobile,Bhopal,39.0,0
485,10231,2025-02-28 08:04:36,71.19,,electronics,mobile,Bhopal,77.0,0
486,10116,2025-03-09 06:50:23,86.99,88.74,travel,pos,Bhopal,59.0,0
487,10167,2025-03-12 08:35:42,80.37,98.16,restaurant,pos,Bhopal,112.0,0
488,10265,2025-03-23 07:19:59,24.76,20.22,travel,mobile,Pune,,0
489,10382,2025-02-08 12:50:48,6.82,2.24,fuel,mobile,Delhi,40.0,0
490,10303,2025-02-11 01:04:53,12.83,9.66,restaurant,pos,Ujjain,6.0,0
491,10466,2025-02-27 09:56:36,101.91,113.53,grocery,mobile,Ujjain,70.0,0
492,10433,2025-01-18 09:04:22,31.16,37.48,fashion,mobile,,41.0,0
493,10376,2025-03-19 01:27:16,24.83,31.68,electronics,mobile,Dewas,108.0,0
494,10301,2025-03-11 08:18:31,117.65,131.72,travel,web,Delhi,49.0,0
495,10144,2025-02-26 19:06:04,,92.46,restaurant,web,,35.0,0
496,10206,2025-01-28 03:34:01,41.1,51.85,restaurant,pos,Bhopal,,0
497,10059,2025-02-01 06:58:30,33.42,37.01,travel,mobile,Indore,103.0,0
498,10187,2025-02-09 03:32:42,37.12,50.87,restaurant,web,Bhopal,14.0,0
499,10463,2025-03-01 15:03:50,46.88,46.84,fashion,web,Delhi,114.0,0
500,10212,2025-03-12 00:33:19,114.44,115.35,restaurant,pos,Ujjain,28.0,0
501,10056,2025-03-02 11:12:18,53.23,,restaurant,mobile,Ujjain,101.0,0
502,10325,2025-03-25 16:39:17,64.84,82.99,,mobile,Bhopal,65.0,0
503,10481,2025-03-28 10:52:04,86.49,98.16,travel,web,Pune,68.0,0
504,10433,2025-03-05 10:35:46,18.91,19.58,fuel,pos,Dewas,25.0,0
505,10137,2025-02-03 09:10:14,66.07,67.04,grocery,pos,Pune,86.0,0
506,10226,2025-02-23 21:59:19,33.4,51.47,restaurant,mobile,Indore,78.0,0
507,10265,2025-02-08 06:10:35,,0.59,,mobile,Pune,58.0,0
508,10123,2025-02-26 14:50:55,,5.55,electronics,mobile,Indore,55.0,0
509,10134,2025-03-15 02:11:08,20.87,27.93,electronics,pos,Ujjain,72.0,0
510,10118,2025-02-03 05:45:29,57.13,49.14,electronics,pos,Bhopal,57.0,0
511,10497,2025-02-15 12:26:47,,58.97,electronics,pos,,116.0,0
512,10373,2025-01-05 02:34:29,45.6,56.07,restaurant,mobile,Pune,5.0,0
513,10420,2025-03-08 06:59:52,143.76,168.21,,mobile,Pune,30.0,0
514,10408,2025-02-14 02:04:56,17.73,24.32,electronics,mobile,Dewas,102.0,0
515,10479,2025-02-11 08:58:20,39.73,43.21,grocery,pos,Bhopal,95.0,0
516,10052,2025-02-17 22:03:01,49.3,46.71,restaurant,web,Delhi,42.0,0
517,10440,2025-01-20 09:28:10,25.06,26.95,grocery,web,Delhi,61.0,0
518,10033,2025-02-23 19:36:35,41.2,38.34,fuel,mobile,Bhopal,4.0,0
519,10237,2025-03-09 01:38:25,14.3,,fuel,mobile,Delhi,22.0,0
520,10297,2025-02-01 11:18:01,101.13,119.72,fuel,pos,Ujjain,113.0,0
521,10178,2025-01-12 19:17:42,25.97,40.9,fashion,web,Ujjain,77.0,0
522,10073,2025-02-04 19:33:58,151.47,172.62,restaurant,mobile,Indore,5.0,0
523,10096,2025-01-18 20:56:26,39.6,51.75,fashion,web,Indore,95.0,0
524,10412,2025-02-03 15:42:31,78.9,85.99,fashion,mobile,Ujjain,49.0,0
525,10159,2025-02-26 09:56:31,39.07,,grocery,pos,Dewas,68.0,0
526,10155,2025-01-11 04:55:56,39.65,48.2,grocery,mobile,Pune,,0
527,10461,2025-03-09 06:06:09,27.67,27.9,electronics,mobile,Dewas,100.0,0
528,10071,2025-01-21 05:09:55,43.7,51.1,travel,web,Bhopal,17.0,0
529,10457,2025-03-22 12:31:33,49.73,47.21,fuel,mobile,Ujjain,44.0,0
530,10460,2025-03-07 22:04:42,24.29,20.15,grocery,pos,Indore,33.0,0
531,10299,2025-01-25 12:47:12,37.29,46.85,grocery,pos,Dewas,109.0,0
532,10082,2025-02-20 16:34:18,27.21,37.57,travel,web,Indore,93.0,0
533,10077,2025-01-10 23:09:51,180.33,194.08,,mobile,Delhi,78.0,1
534,10142,2025-01-09 23:26:12,,48.1,restaurant,web,Bhopal,7.0,0
535,10288,2025-03-28 01:03:38,110.43,119.42,fashion,web,Bhopal,96.0,0
536,10076,2025-03-14 05:15:05,35.62,,grocery,web,Indore,67.0,0
537,10227,2025-01-14 21:33:13,47.87,64.95,travel,web,Ujjain,33.0,0
538,10057,2025-01-26 10:36:31,17.13,25.65,,web,Indore,53.0,0
539,10270,2025-01-18 18:57:38,30.25,,restaurant,pos,Delhi,54.0,0
540,10010,2025-02-05 13:32:53,46.38,67.22,,web,Bhopal,36.0,0
541,10354,2025-01-27 05:16:17,113.4,121.38,fuel,pos,Delhi,109.0,0
542,10027,2025-01-30 12:36:55,46.73,44.45,grocery,pos,Dewas,110.0,0
543,10097,2025-02-17 15:29:07,99.43,,fashion,mobile,Pune,7.0,0
544,10087,2025-01-18 00:21:20,61.34,66.66,restaurant,mobile,Delhi,112.0,0
545,10415,2025-03-21 10:54:11,116.49,111.63,fuel,pos,Indore,49.0,0
546,10026,2025-03-07 11:43:37,38.92,41.93,fuel,web,Indore,96.0,0
547,10214,2025-03-10 10:46:45,191.26,209.85,travel,mobile,Pune,93.0,1
548,10295,2025-01-16 06:04:15,29.5,39.31,,mobile,Ujjain,72.0,0
549,10257,2025-03-05 17:37:13,24.58,30.35,restaurant,pos,Delhi,89.0,0
550,10340,2025-03-17 06:17:20,18.42,15.82,fuel,pos,Dewas,82.0,0
551,10401,2025-01-16 18:23:24,,210.84,grocery,pos,Delhi,102.0,1
552,10196,2025-03-09 14:45:38,68.9,82.95,travel,mobile,Ujjain,51.0,0
553,10414,2025-02-02 04:35:40,32.55,30.31,,mobile,Ujjain,88.0,0
554,10158,2025-03-12 21:10:16,91.09,98.08,travel,pos,Dewas,117.0,0
555,10492,2025-02-13 01:21:16,63.24,53.03,travel,pos,Indore,113.0,0
556,10252,2025-03-14 04:46:14,145.18,153.88,,mobile,Ujjain,18.0,0
557,10368,2025-01-14 06:26:24,14.79,10.63,restaurant,pos,Dewas,,0
558,10437,2025-02-05 00:24:46,,38.72,,pos,,61.0,0
559,10396,2025-01-25 14:36:29,29.94,25.97,fashion,mobile,Ujjain,75.0,0
560,10425,2025-01-23 08:27:59,11.21,,grocery,web,Pune,77.0,0
561,10268,2025-01-28 17:59:58,,80.45,fashion,web,Ujjain,101.0,0
562,10021,2025-02-04 10:03:24,33.93,39.37,fashion,pos,Pune,64.0,0
563,10246,2025-01-12 10:54:59,65.42,76.68,fuel,web,Pune,84.0,0
564,10090,2025-03-05 15:17:54,187.51,213.23,restaurant,mobile,Delhi,108.0,1
565,10444,2025-02-19 12:31:03,32.15,36.11,grocery,mobile,Indore,13.0,0
566,10118,2025-03-16 15:13:20,30.76,22.12,,pos,Ujjain,77.0,0
567,10114,2025-03-05 10:51:39,43.69,43.97,grocery,pos,Pune,44.0,0
568,10124,2025-01-14 09:56:02,76.84,82.8,grocery,pos,Indore,108.0,0
569,10321,2025-01-07 07:03:08,27.98,28.11,fashion,mobile,Dewas,66.0,0
570,10285,2025-02-08 01:15:59,26.84,30.66,electronics,web,Dewas,72.0,0
571,10474,2025-02-13 07:13:33,80.41,101.46,restaurant,mobile,Pune,90.0,0
572,10208,2025-01-22 14:56:22,51.73,64.43,electronics,web,Pune,29.0,0
573,10141,2025-03-12 09:34:34,10.71,4.1,travel,mobile,Ujjain,65.0,0
574,10024,2025-02-22 08:13:05,18.24,25.86,travel,pos,Dewas,92.0,0
575,10003,2025-03-09 07:39:31,107.32,125.32,electronics,mobile,Dewas,93.0,0
576,10186,2025-01-10 19:27:45,52.52,52.37,restaurant,mobile,Pune,28.0,0
577,10462,2025-03-15 08:33:28,24.64,34.39,fashion,mobile,Dewas,100.0,0
578,10261,2025-01-19 13:09:19,36.21,39.27,travel,pos,Indore,20.0,0
579,10446,2025-02-10 08:11:59,40.8,,fashion,mobile,Pune,32.0,0
580,10050,2025-02-09 13:02:33,65.25,76.72,restaurant,mobile,Dewas,102.0,0
581,10046,2025-03-15 20:24:11,16.73,20.47,restaurant,web,,74.0,0
582,10416,2025-01-25 21:59:20,23.42,24.41,grocery,mobile,Ujjain,65.0,0
583,10053,2025-01-22 16:01:35,48.3,53.8,grocery,web,Ujjain,67.0,0
584,10025,2025-01-31 13:35:48,37.91,36.71,fashion,mobile,Delhi,116.0,0
585,10202,2025-02-02 11:21:02,58.66,70.58,fuel,pos,Pune,28.0,0
586,10462,2025-01-17 08:26:27,18.19,20.03,travel,web,Bhopal,36.0,0
587,10344,2025-01-16 20:55:40,51.02,58.47,restaurant,mobile,Indore,59.0,0
588,10049,2025-01-21 19:41:28,82.23,94.95,electronics,web,Pune,101.0,0
589,10418,2025-02-12 01:45:59,55.5,52.92,restaurant,web,Dewas,66.0,0
590,10421,2025-01-31 21:38:54,44.28,42.44,electronics,web,Dewas,87.0,0
591,10400,2025-02-05 06:50:58,38.0,24.88,fashion,web,,98.0,0
592,10451,2025-03-06 17:09:39,23.51,30.85,electronics,pos,Pune,,0
593,10119,2025-01-22 16:24:09,38.6,33.53,grocery,pos,Indore,55.0,0
594,10489,2025-03-23 21:22:02,91.73,103.8,restaurant,mobile,Dewas,55.0,0
595,10160,2025-03-09 15:50:46,,44.9,grocery,mobile,Dewas,10.0,0
596,10401,2025-01-16 17:19:28,22.68,30.22,fashion,pos,Dewas,10.0,0
597,10289,2025-01-29 05:54:32,,23.26,restaurant,pos,Dewas,58.0,0
598,10389,2025-01-17 12:28:15,46.09,51.1,grocery,mobile,Bhopal,90.0,0
599,10313,2025-01-25 13:15:26,31.73,,grocery,web,Dewas,100.0,0
600,10321,2025-02-02 21:28:20,55.45,75.82,fashion,mobile,Bhopal,49.0,0
601,10308,2025-01-12 18:43:23,56.82,71.54,restaurant,pos,Bhopal,68.0,0
602,10389,2025-01-02 07:10:40,72.08,83.43,fashion,web,Delhi,97.0,0
603,10369,2025-02-09 11:51:17,102.03,106.23,grocery,mobile,Delhi,38.0,0
604,10067,2025-03-05 02:08:26,77.27,92.29,fashion,mobile,Indore,19.0,0
605,10413,2025-01-28 06:24:12,22.04,23.42,fuel,mobile,Pune,110.0,0
606,10268,2025-03-19 10:35:14,22.48,,restaurant,mobile,Indore,65.0,0
607,10161,2025-02-03 05:37:45,38.5,38.06,travel,mobile,Ujjain,19.0,0
608,10257,2025-03-23 01:43:18,30.17,32.41,grocery,pos,,30.0,0
609,10483,2025-01-22 05:45:14,19.3,22.93,,pos,Ujjain,39.0,0
610,10428,2025-02-18 12:57:38,30.35,35.96,fashion,web,Bhopal,24.0,0
611,10416,2025-03-10 16:24:57,29.71,37.22,electronics,pos,Ujjain,53.0,0
612,10231,2025-01-06 07:31:28,26.14,24.64,fashion,pos,Bhopal,97.0,0
613,10392,2025-03-25 16:48:26,32.94,26.15,,mobile,,88.0,0
614,10192,2025-02-02 20:18:41,87.01,110.45,grocery,mobile,Delhi,110.0,0
615,10343,2025-02-14 19:31:58,46.04,71.48,grocery,pos,Bhopal,100.0,0
616,10319,2025-02-26 13:25:42,201.68,229.46,travel,mobile,Ujjain,38.0,1
617,10124,2025-02-27 20:52:35,45.19,40.02,grocery,web,Delhi,7.0,0
618,10133,2025-01-03 03:07:26,33.5,31.33,travel,mobile,Indore,19.0,0
619,10030,2025-03-20 01:05:31,40.56,49.5,grocery,web,Bhopal,95.0,0
620,10069,2025-02-26 02:59:08,47.79,64.25,restaurant,mobile,Ujjain,41.0,0
621,10216,2025-03-31 21:28:19,53.67,50.41,restaurant,web,Dewas,86.0,0
622,10238,2025-02-12 10:28:03,156.0,173.73,restaurant,mobile,Indore,55.0,1
623,10082,2025-02-25 05:11:44,23.35,27.72,grocery,mobile,Delhi,107.0,0
624,10208,2025-02-09 16:41:44,70.7,,restaurant,pos,Ujjain,61.0,0
625,10302,2025-03-22 01:55:25,46.3,49.11,grocery,mobile,Dewas,108.0,0
626,10116,2025-03-16 21:57:24,14.57,3.81,restaurant,pos,,30.0,0
627,10169,2025-03-23 18:35:37,66.75,79.73,fuel,pos,Bhopal,93.0,0
628,10183,2025-02-15 09:14:47,92.2,112.26,electronics,web,Bhopal,63.0,0
629,10252,2025-03-13 05:32:06,23.17,25.29,grocery,mobile,Ujjain,23.0,0
630,10183,2025-02-02 06:59:48,,48.28,restaurant,web,Delhi,28.0,0
631,10368,2025-02-11 11:36:42,13.18,10.97,fashion,pos,Dewas,,0
632,10163,2025-03-10 10:04:14,17.85,,restaurant,mobile,Ujjain,19.0,0
633,10216,2025-01-08 07:17:33,79.94,97.74,fashion,web,Ujjain,112.0,0
634,10189,2025-03-05 22:39:30,29.87,36.55,fashion,web,Bhopal,26.0,0
635,10091,2025-01-02 10:08:23,19.67,25.95,grocery,mobile,Pune,72.0,0
636,10342,2025-02-22 06:12:20,46.95,64.6,,pos,Pune,68.0,0
637,10117,2025-02-12 22:45:12,,23.82,electronics,pos,Bhopal,65.0,0
638,10148,2025-02-12 04:20:46,29.78,28.94,fuel,web,Bhopal,75.0,0
639,10396,2025-02-14 11:43:09,,74.51,grocery,mobile,Indore,,0
640,10474,2025-02-14 06:34:34,19.01,16.78,fashion,mobile,Dewas,116.0,0
641,10335,2025-02-06 15:54:09,,31.41,restaurant,mobile,,105.0,0
642,10458,2025-02-10 14:55:30,44.71,48.58,electronics,web,,55.0,0
643,10427,2025-02-21 03:14:29,75.95,77.12,travel,mobile,Dewas,87.0,0
644,10240,2025-03-10 17:05:10,90.45,101.83,travel,pos,Ujjain,23.0,0
645,10385,2025-02-19 16:40:17,26.25,30.76,,mobile,Pune,105.0,0
646,10164,2025-02-27 19:50:57,74.39,90.79,fashion,mobile,Delhi,24.0,0
647,10230,2025-03-17 07:05:03,24.3,30.36,electronics,mobile,Ujjain,14.0,0
648,10267,2025-03-31 01:20:47,132.56,152.16,fuel,mobile,Indore,99.0,0
649,10480,2025-01-10 18:41:57,19.36,24.25,restaurant,mobile,Ujjain,,0
650,10424,2025-03-06 03:55:11,95.92,105.92,travel,web,Bhopal,17.0,0
651,10244,2025-01-21 06:23:01,26.4,23.84,fuel,web,Bhopal,115.0,0
652,10326,2025-01-18 17:02:48,149.7,169.97,grocery,pos,Delhi,14.0,0
653,10101,2025-03-13 08:53:26,59.4,63.86,grocery,pos,Pune,6.0,0
654,10402,2025-01-07 04:22:23,20.9,36.93,travel,mobile,Delhi,114.0,0
655,10276,2025-03-18 07:19:39,28.8,42.99,fashion,web,,27.0,0
656,10266,2025-03-11 08:22:39,67.21,80.34,electronics,web,Indore,28.0,0
657,10383,2025-03-31 12:49:13,80.18,92.83,grocery,web,Indore,95.0,0
658,10316,2025-03-02 02:45:24,38.63,42.56,restaurant,pos,Pune,73.0,0
659,10036,2025-03-20 13:29:23,41.64,36.55,fashion,pos,Dewas,62.0,0
660,10144,2025-01-11 16:02:06,66.22,72.44,travel,mobile,Ujjain,118.0,0
661,10088,2025-03-22 02:10:54,44.07,50.17,grocery,pos,Delhi,11.0,0
662,10367,2025-01-15 10:18:14,,21.38,restaurant,web,Ujjain,111.0,0
663,10017,2025-01-29 06:59:29,,30.46,travel,mobile,Delhi,32.0,0
664,10101,2025-01-12 12:53:50,47.13,60.16,restaurant,web,Pune,75.0,0
665,10298,2025-02-06 03:35:20,89.13,94.29,,mobile,Bhopal,39.0,0
666,10347,2025-03-09 09:50:14,,124.04,grocery,pos,,,0
667,10251,2025-01-25 03:03:49,67.13,86.79,electronics,pos,Delhi,39.0,0
668,10430,2025-03-15 23:56:30,48.75,60.77,restaurant,web,Pune,67.0,0
669,10459,2025-02-24 13:36:24,65.81,70.58,travel,web,Dewas,105.0,0
670,10066,2025-02-26 14:28:49,26.22,28.51,grocery,mobile,Ujjain,14.0,0
671,10476,2025-03-26 11:49:10,36.61,40.18,travel,web,Ujjain,79.0,0
672,10307,2025-02-08 20:47:12,23.67,26.76,restaurant,mobile,Bhopal,103.0,0
673,10318,2025-02-01 00:25:27,17.96,23.9,grocery,mobile,Indore,88.0,0
674,10047,2025-03-31 12:14:15,50.24,76.55,restaurant,web,Delhi,117.0,0
675,10310,2025-02-20 03:07:25,45.63,52.62,restaurant,web,,2.0,0
676,10362,2025-02-25 07:32:40,63.24,76.13,travel,web,Delhi,44.0,0
677,10290,2025-01-27 16:00:25,57.68,51.11,fashion,pos,Indore,51.0,0
678,10042,2025-01-20 09:20:36,669.1274172086288,749.4227072736643,fashion,mobile,Ujjain,64.0,0
679,10261,2025-01-16 06:46:04,58.08,74.88,electronics,mobile,Bhopal,38.0,0
680,10467,2025-01-21 02:53:14,39.34,47.28,grocery,mobile,Indore,31.0,0
681,10361,2025-01-18 13:36:02,52.9,24.14,electronics,mobile,Delhi,102.0,0
682,10068,2025-03-09 04:54:58,,33.65,grocery,web,Dewas,28.0,0
683,10479,2025-01-06 05:09:42,51.43,72.95,fuel,web,Pune,114.0,0
684,10479,2025-02-26 15:28:13,62.46,53.99,fashion,mobile,Delhi,5.0,0
685,10084,2025-03-27 10:28:26,26.17,41.47,fashion,mobile,Indore,51.0,0
686,10400,2025-03-10 21:35:37,41.83,24.67,,web,Pune,73.0,0
687,10203,2025-02-06 06:13:11,26.97,37.71,travel,mobile,Indore,116.0,0
688,10296,2025-01-06 08:18:34,28.73,32.11,grocery,pos,Pune,91.0,0
689,10222,2025-03-17 01:42:04,19.47,3.01,,web,Delhi,2.0,0
690,10391,2025-01-01 06:48:04,92.09,106.71,grocery,web,Delhi,90.0,0
691,10498,2025-03-03 07:40:17,80.86,99.77,fashion,mobile,Bhopal,39.0,0
692,10397,2025-03-02 09:14:59,57.36,67.15,fashion,web,Indore,103.0,0
693,10465,2025-01-18 06:32:58,145.76,,grocery,mobile,Indore,93.0,0
694,10473,2025-03-08 14:07:11,35.77,36.77,restaurant,mobile,Indore,23.0,0
695,10045,2025-01-16 18:59:54,290.22,310.16,fuel,mobile,Delhi,43.0,1
696,10126,2025-01-21 07:23:58,34.89,,restaurant,mobile,Dewas,98.0,0
697,10360,2025-03-15 01:53:40,47.75,67.48,fuel,mobile,Ujjain,110.0,0
698,10295,2025-03-30 02:55:07,31.23,44.01,grocery,pos,Indore,72.0,0
699,10025,2025-01-24 19:46:38,51.52,41.8,restaurant,web,Indore,26.0,0
700,10047,2025-03-24 22:05:25,69.63,65.87,grocery,mobile,Ujjain,47.0,0
701,10260,2025-03-24 04:41:45,37.56,35.3,fuel,mobile,Delhi,95.0,0
702,10308,2025-03-11 05:55:13,128.36,131.02,grocery,mobile,Pune,72.0,0
703,10083,2025-01-13 14:31:10,47.25,53.27,restaurant,web,Dewas,25.0,0
704,10085,2025-01-27 22:44:47,48.22,57.15,restaurant,mobile,Pune,34.0,0
705,10064,2025-03-02 23:51:02,22.4,13.65,grocery,mobile,Bhopal,24.0,0
706,10282,2025-03-31 22:18:51,53.09,65.68,,web,Ujjain,56.0,0
707,10003,2025-03-15 07:15:48,37.07,46.33,restaurant,mobile,Delhi,54.0,0
708,10286,2025-02-07 19:46:50,27.24,26.12,grocery,pos,Indore,65.0,0
709,10237,2025-01-22 04:09:13,24.42,25.97,fuel,mobile,Pune,113.0,0
710,10232,2025-03-28 10:19:38,229.67,241.63,restaurant,web,Delhi,78.0,1
711,10339,2025-01-25 20:36:28,34.08,35.51,electronics,pos,Indore,70.0,0
712,10261,2025-01-31 19:11:35,15.69,17.63,restaurant,web,Ujjain,44.0,0
713,10363,2025-03-28 19:21:38,25.69,30.12,fuel,pos,Dewas,76.0,0
714,10381,2025-02-20 13:11:45,39.11,46.83,restaurant,mobile,Delhi,114.0,0
715,10460,2025-01-24 19:31:50,57.7,66.58,grocery,web,Ujjain,2.0,0
716,10399,2025-01-01 11:32:46,58.01,62.86,grocery,pos,Delhi,42.0,0
717,10258,2025-02-08 16:42:26,62.79,72.61,,mobile,Bhopal,7.0,0
718,10246,2025-03-30 17:45:47,26.6,37.81,,mobile,Delhi,25.0,0
719,10117,2025-02-08 22:14:01,50.47,55.76,fashion,mobile,Bhopal,8.0,0
720,10299,2025-03-04 22:58:58,22.89,28.18,restaurant,mobile,Bhopal,71.0,0
721,10069,2025-01-23 18:33:18,27.04,28.8,grocery,mobile,Bhopal,98.0,0
722,10465,2025-03-11 19:19:25,22.28,19.78,fuel,pos,Indore,112.0,0
723,10422,2025-03-11 19:42:31,18.68,25.1,restaurant,web,Ujjain,29.0,0
724,10059,2025-02-24 17:55:47,80.78,86.03,restaurant,mobile,Ujjain,84.0,0
725,10392,2025-03-11 11:11:40,63.28,73.96,grocery,mobile,Delhi,40.0,0
726,10058,2025-02-22 02:15:24,76.31,85.69,fashion,mobile,Bhopal,38.0,0
727,10360,2025-02-04 01:10:00,41.49,44.04,,mobile,Bhopal,73.0,0
728,10043,2025-03-08 09:49:14,67.02,72.44,grocery,mobile,Pune,81.0,0
729,10244,2025-03-17 03:52:18,12.87,10.35,fashion,pos,Pune,70.0,0
730,10328,2025-03-17 16:41:29,70.88,66.22,fuel,mobile,Ujjain,12.0,0
731,10364,2025-01-20 04:14:30,45.38,53.89,travel,web,Bhopal,49.0,0
732,10209,2025-03-02 21:26:24,60.8,69.95,fuel,mobile,Bhopal,34.0,0
733,10460,2025-01-01 09:18:01,51.78,64.79,fashion,web,Pune,1.0,0
734,10387,2025-02-21 11:31:06,21.29,19.59,grocery,web,Delhi,5.0,0
735,10104,2025-02-21 09:43:17,15.28,32.28,,web,Dewas,54.0,0
736,10335,2025-02-02 17:09:00,25.46,25.48,electronics,mobile,Ujjain,12.0,0
737,10365,2025-03-31 11:12:28,58.39,58.4,grocery,pos,Bhopal,88.0,0
738,10166,2025-03-21 11:11:44,63.34,62.99,travel,mobile,,7.0,0
739,10369,2025-01-04 11:28:18,16.62,4.74,fuel,web,Delhi,28.0,0
740,10449,2025-01-19 19:05:05,,,,pos,Pune,118.0,0
741,10408,2025-01-19 17:16:33,25.28,39.28,travel,web,Delhi,85.0,0
742,10381,2025-03-22 18:43:37,32.06,40.71,,pos,Ujjain,67.0,0
743,10317,2025-02-16 16:51:20,16.69,11.52,fuel,mobile,Bhopal,2.0,0
744,10135,2025-03-07 14:22:09,16.05,32.47,restaurant,web,Pune,6.0,0
745,10397,2025-03-14 21:28:19,,23.74,restaurant,mobile,Bhopal,109.0,0
746,10182,2025-03-11 02:03:31,42.78,45.76,travel,mobile,Pune,96.0,0
747,10266,2025-01-09 00:19:50,18.78,32.53,travel,pos,Dewas,114.0,0
748,10157,2025-01-13 15:07:24,37.51,47.28,fuel,web,Bhopal,97.0,0
749,10156,2025-02-05 13:42:24,80.48,107.75,,pos,Dewas,1.0,0
750,10078,2025-01-31 10:53:48,17.35,21.42,grocery,pos,Ujjain,96.0,0
751,10480,2025-03-09 05:41:01,35.37,36.44,electronics,pos,Bhopal,55.0,0
752,10073,2025-01-15 01:28:07,78.74,83.29,grocery,pos,Ujjain,83.0,0
753,10043,2025-02-03 10:31:59,693.853671431854,777.1161120036766,travel,web,Delhi,50.0,0
754,10468,2025-01-22 07:00:02,27.86,28.97,,mobile,Dewas,86.0,0
755,10277,2025-01-17 23:53:12,86.17,,fuel,pos,Bhopal,101.0,0
756,10218,2025-01-16 13:15:22,33.15,41.92,travel,mobile,Delhi,116.0,0
757,10368,2025-01-18 14:16:15,82.92,93.03,fuel,web,Bhopal,65.0,0
758,10191,2025-02-20 19:02:46,53.45,51.9,restaurant,web,Pune,34.0,0
759,10063,2025-02-06 21:42:19,32.37,38.07,travel,web,,73.0,0
760,10364,2025-02-09 04:13:20,55.25,69.98,travel,pos,Pune,60.0,0
761,10087,2025-02-13 03:32:27,49.81,59.23,restaurant,mobile,,,0
762,10276,2025-03-08 16:41:22,78.54,89.3,grocery,mobile,Ujjain,87.0,0
763,10474,2025-03-19 13:31:08,28.32,25.34,fuel,pos,Ujjain,10.0,0
764,10468,2025-02-17 09:06:03,499.90018377387815,559.8882058267436,,web,,48.0,0
765,10180,2025-02-27 19:15:54,38.86,18.47,restaurant,pos,Ujjain,83.0,0
766,10390,2025-03-08 11:17:10,,74.65,fashion,web,Delhi,110.0,0
767,10306,2025-03-04 03:16:05,20.77,43.82,restaurant,web,Ujjain,74.0,0
768,10239,2025-01-13 02:00:27,78.34,75.67,fuel,web,Pune,117.0,0
769,10069,2025-03-30 11:15:08,54.77,59.41,grocery,mobile,Delhi,100.0,0
770,10188,2025-01-15 19:59:28,17.18,19.18,fuel,mobile,Dewas,29.0,0
771,10325,2025-02-07 01:34:54,88.71,95.65,restaurant,mobile,Bhopal,101.0,0
772,10493,2025-02-28 17:37:16,172.8,201.83,,web,Dewas,41.0,1
773,10002,2025-02-06 07:14:43,77.57,90.66,restaurant,web,Bhopal,76.0,0
774,10358,2025-01-22 21:09:47,102.26,115.75,grocery,mobile,Bhopal,24.0,0
775,10423,2025-03-25 02:25:46,42.76,54.27,restaurant,web,Ujjain,65.0,0
776,10475,2025-01-07 10:30:15,13.74,15.52,fashion,pos,Indore,81.0,0
777,10211,2025-01-23 03:05:28,12.2,39.1,restaurant,pos,Pune,109.0,0
778,10059,2025-03-31 08:52:27,47.74,54.68,restaurant,mobile,Delhi,113.0,0
779,10135,2025-03-07 16:24:03,27.53,32.4,fuel,mobile,Bhopal,96.0,0
780,10425,2025-01-08 19:52:08,22.32,11.31,restaurant,mobile,Delhi,67.0,0
781,10438,2025-03-09 21:52:40,38.83,39.14,electronics,mobile,,106.0,0
782,10318,2025-03-29 06:08:29,60.35,76.77,grocery,pos,Dewas,13.0,0
783,10061,2025-01-09 19:13:19,15.73,6.93,restaurant,pos,Indore,119.0,0
784,10060,2025-02-07 06:21:07,,16.57,fashion,mobile,Dewas,25.0,0
785,10239,2025-02-12 03:22:47,107.92,121.13,fashion,mobile,Indore,49.0,0
786,10294,2025-01-12 18:59:14,20.11,33.49,electronics,pos,Delhi,109.0,0
787,10016,2025-01-19 01:12:53,71.19,80.07,grocery,web,Indore,86.0,0
788,10343,2025-01-16 15:18:35,29.52,,electronics,mobile,Dewas,102.0,0
789,10272,2025-01-17 16:24:38,57.67,49.72,restaurant,mobile,Bhopal,82.0,0
790,10006,2025-02-06 07:37:20,82.54,96.06,restaurant,mobile,Indore,72.0,0
791,10047,2025-02-11 17:52:07,65.49,78.64,fashion,mobile,,21.0,0
792,10227,2025-01-22 10:02:48,73.04,67.55,electronics,web,Ujjain,119.0,0
793,10361,2025-01-27 01:10:05,19.13,30.5,fuel,web,Ujjain,76.0,0
794,10412,2025-01-18 07:13:53,83.42,99.56,restaurant,mobile,Pune,80.0,0
795,10215,2025-03-13 15:29:26,23.24,35.09,grocery,pos,Bhopal,51.0,0
796,10147,2025-01-20 01:23:20,47.88,58.29,fashion,pos,Bhopal,114.0,0
797,10484,2025-03-23 16:25:35,47.84,58.81,restaurant,mobile,Indore,54.0,0
798,10229,2025-02-18 11:55:40,55.44,66.26,grocery,web,Ujjain,23.0,0
799,10157,2025-03-14 05:52:35,50.35,63.34,grocery,pos,,22.0,0
800,10221,2025-02-27 06:36:43,23.37,11.62,fashion,mobile,Delhi,84.0,0
801,10006,2025-01-24 22:37:36,16.82,6.83,restaurant,mobile,Indore,89.0,0
802,10150,2025-02-24 02:56:32,71.31,73.98,restaurant,mobile,Pune,25.0,0
803,10257,2025-01-25 16:07:49,45.64,50.08,restaurant,web,Indore,84.0,0
804,10459,2025-01-11 16:05:26,85.38,98.73,travel,pos,Dewas,119.0,0
805,10369,2025-01-23 22:12:47,39.29,46.6,restaurant,mobile,Indore,64.0,0
806,10390,2025-01-25 19:23:00,16.23,27.11,fashion,mobile,Delhi,116.0,0
807,10272,2025-01-13 03:40:56,75.79,94.07,grocery,pos,Delhi,19.0,0
808,10055,2025-01-03 02:59:46,31.79,28.63,restaurant,mobile,Pune,48.0,0
809,10195,2025-03-26 22:36:16,50.52,58.49,,pos,Pune,67.0,0
810,10498,2025-02-16 04:59:29,26.55,22.95,electronics,mobile,Pune,43.0,0
811,10022,2025-02-06 04:25:23,117.78,130.41,travel,mobile,Dewas,12.0,0
812,10439,2025-03-25 16:41:49,22.88,28.2,fashion,pos,Pune,55.0,0
813,10342,2025-01-21 05:19:45,32.48,9.11,grocery,pos,Indore,41.0,0
814,10141,2025-02-06 06:12:02,43.37,67.86,travel,pos,Dewas,25.0,0
815,10388,2025-03-18 04:48:34,19.89,26.81,restaurant,pos,Pune,45.0,0
816,10418,2025-02-26 21:11:20,,51.39,grocery,mobile,Bhopal,50.0,0
817,10021,2025-02-05 22:15:42,115.32,,,web,Pune,106.0,0
818,10053,2025-01-24 00:35:16,29.41,30.16,fashion,mobile,Dewas,59.0,0
819,10332,2025-01-04 03:51:08,52.29,59.62,grocery,pos,Bhopal,50.0,0
820,10499,2025-01-08 15:42:48,6.77,3.69,grocery,mobile,Ujjain,47.0,0
821,10011,2025-01-15 13:47:37,39.44,57.39,fashion,pos,Indore,72.0,0
822,10332,2025-03-12 19:05:52,33.0,36.12,grocery,pos,,33.0,0
823,10068,2025-02-27 12:46:50,23.76,27.81,grocery,pos,Delhi,105.0,0
824,10325,2025-02-09 00:17:26,81.69,101.12,fashion,pos,Bhopal,50.0,0
825,10311,2025-03-12 11:04:31,32.72,41.33,fashion,mobile,Pune,51.0,0
826,10045,2025-01-15 11:17:14,36.04,39.93,restaurant,mobile,Ujjain,8.0,0
827,10340,2025-01-19 23:37:05,31.65,44.33,fuel,pos,Delhi,106.0,0
828,10448,2025-02-05 08:17:42,11.64,33.34,fashion,web,Bhopal,57.0,0
829,10431,2025-03-24 13:34:28,19.38,24.24,restaurant,web,Dewas,17.0,0
830,10014,2025-02-25 06:44:29,75.54,85.54,,pos,Indore,21.0,0
831,10122,2025-03-18 14:09:13,10.26,12.86,restaurant,mobile,Dewas,44.0,0
832,10120,2025-01-23 08:01:47,24.58,38.01,,mobile,Delhi,93.0,0
833,10226,2025-03-18 08:30:08,31.19,30.14,fuel,web,,12.0,0
834,10071,2025-01-07 12:33:22,125.63,138.48,travel,mobile,Bhopal,15.0,0
835,10427,2025-01-21 11:44:53,66.66,62.36,fuel,pos,Indore,67.0,0
836,10388,2025-02-17 01:44:05,,22.07,fuel,mobile,Indore,60.0,0
837,10404,2025-01-05 13:09:27,94.44,101.63,electronics,mobile,Indore,114.0,0
838,10099,2025-03-19 05:50:44,24.99,27.54,travel,mobile,Ujjain,90.0,0
839,10007,2025-03-20 01:38:05,77.94,101.45,restaurant,pos,,79.0,0
840,10455,2025-02-18 17:34:05,16.72,23.01,travel,pos,Ujjain,40.0,0
841,10144,2025-01-28 12:31:42,81.26,83.71,,mobile,Indore,75.0,0
842,10328,2025-01-09 21:45:43,,28.96,electronics,mobile,Indore,70.0,0
843,10454,2025-02-25 16:51:33,,34.22,grocery,web,Bhopal,34.0,0
844,10018,2025-02-18 09:22:13,35.12,48.35,restaurant,mobile,Dewas,45.0,0
845,10002,2025-03-10 09:31:42,,54.48,travel,web,Ujjain,111.0,0
846,10002,2025-02-24 05:28:30,29.32,29.3,electronics,mobile,Bhopal,65.0,0
847,10078,2025-01-12 13:06:48,57.98,73.94,,mobile,,57.0,0
848,10025,2025-01-11 23:00:43,27.69,23.07,grocery,mobile,Delhi,95.0,0
849,10409,2025-03-12 06:36:39,60.54,70.94,,web,Indore,32.0,0
850,10302,2025-01-15 07:29:30,53.92,78.57,restaurant,web,Ujjain,27.0,0
851,10490,2025-03-26 11:11:05,38.88,,fuel,web,Dewas,118.0,0
852,10400,2025-01-10 12:50:46,30.36,27.8,restaurant,mobile,Pune,96.0,0
853,10481,2025-03-07 13:17:23,,53.27,restaurant,web,Bhopal,51.0,0
854,10119,2025-03-29 18:29:56,57.84,61.02,fashion,web,Indore,113.0,0
855,10143,2025-02-09 17:02:28,154.5,161.89,grocery,pos,Dewas,45.0,1
856,10424,2025-01-06 02:30:09,74.49,89.04,,web,Ujjain,81.0,0
857,10122,2025-03-20 21:37:29,76.28,,restaurant,pos,Ujjain,5.0,0
858,10028,2025-01-17 20:34:58,301.13,334.78,grocery,mobile,Pune,84.0,0
859,10334,2025-02-17 11:18:30,56.56,60.33,,mobile,Pune,22.0,0
860,10400,2025-03-30 14:35:51,55.42,54.38,travel,mobile,Ujjain,29.0,0
861,10484,2025-03-09 00:42:18,63.92,70.39,fashion,web,Dewas,97.0,0
862,10463,2025-01-05 04:02:38,20.99,19.01,restaurant,pos,,25.0,0
863,10060,2025-03-15 20:17:34,30.31,25.86,fuel,pos,Pune,58.0,0
864,10386,2025-01-15 12:16:56,,47.74,grocery,mobile,Pune,110.0,0
865,10423,2025-03-09 10:36:07,61.62,72.75,fashion,pos,Bhopal,114.0,0
866,10349,2025-02-25 21:15:48,36.12,45.03,fuel,mobile,Indore,53.0,0
867,10409,2025-01-26 21:45:59,44.25,56.63,grocery,pos,Indore,10.0,0
868,10418,2025-02-08 02:59:46,82.01,98.02,grocery,pos,Indore,35.0,0
869,10223,2025-01-11 14:32:34,70.88,76.08,restaurant,web,Delhi,74.0,0
870,10020,2025-03-30 19:27:13,36.41,42.96,grocery,pos,Delhi,41.0,0
871,10228,2025-01-22 10:48:40,26.17,27.16,restaurant,pos,Delhi,86.0,0
872,10100,2025-01-28 18:44:42,84.6,98.26,restaurant,mobile,Indore,119.0,0
873,10056,2025-02-15 06:12:35,66.89,77.65,electronics,web,Indore,74.0,0
874,10062,2025-03-02 12:20:30,14.24,12.89,fuel,pos,Ujjain,75.0,0
875,10348,2025-02-15 11:23:53,33.0,26.33,grocery,mobile,Dewas,64.0,0
876,10252,2025-02-15 11:06:02,45.04,51.61,fashion,mobile,Indore,23.0,0
877,10269,2025-02-22 10:30:42,67.1,73.52,fashion,pos,Dewas,69.0,0
878,10372,2025-03-19 04:37:27,73.08,66.73,electronics,mobile,Pune,111.0,0
879,10274,2025-02-05 13:25:11,48.64,58.54,fuel,pos,Indore,83.0,0
880,10315,2025-03-16 21:24:06,59.17,73.99,fuel,mobile,Delhi,90.0,0
881,10043,2025-03-12 19:41:07,42.17,67.46,fashion,web,Dewas,103.0,0
882,10425,2025-03-28 11:46:25,26.1,26.1,travel,pos,Pune,47.0,0
883,10224,2025-03-24 04:24:43,34.13,33.92,fuel,mobile,Ujjain,41.0,0
884,10077,2025-03-13 20:04:08,40.95,36.99,fashion,mobile,Ujjain,116.0,0
885,10406,2025-01-23 04:55:34,39.55,45.97,grocery,mobile,Indore,55.0,0
886,10367,2025-03-11 16:28:57,11.87,14.91,fuel,web,Delhi,88.0,0
887,10026,2025-03-08 06:53:24,31.24,28.5,grocery,mobile,Pune,76.0,0
888,10096,2025-01-27 01:19:23,41.95,45.58,restaurant,mobile,Indore,15.0,0
889,10007,2025-03-03 00:25:09,33.69,21.9,,pos,,38.0,0
890,10135,2025-01-23 18:24:49,34.45,46.0,fashion,pos,Delhi,39.0,0
891,10049,2025-02-17 01:52:31,55.55,56.05,travel,pos,Delhi,22.0,0
892,10354,2025-03-13 16:58:45,20.06,22.19,,web,Pune,93.0,0
893,10261,2025-01-17 23:13:31,14.04,4.31,restaurant,mobile,Delhi,,0
894,10490,2025-01-31 07:49:05,32.26,31.47,restaurant,web,Pune,115.0,0
895,10374,2025-03-13 13:42:06,66.46,72.2,restaurant,pos,Pune,24.0,0
896,10305,2025-02-10 20:11:23,121.14,135.59,restaurant,mobile,Pune,54.0,0
897,10254,2025-03-28 10:57:09,67.25,,electronics,pos,Bhopal,28.0,0
898,10027,2025-01-01 17:11:40,15.57,28.95,restaurant,mobile,Bhopal,8.0,0
899,10035,2025-03-06 23:09:59,34.78,44.82,grocery,web,Bhopal,74.0,0
900,10308,2025-03-15 06:40:05,47.79,61.22,grocery,pos,Pune,103.0,0
901,10002,2025-03-24 14:34:39,45.4,62.42,fashion,mobile,Ujjain,10.0,0
902,10021,2025-01-15 02:35:21,57.43,68.88,restaurant,pos,Delhi,77.0,0
903,10109,2025-03-30 13:50:24,22.29,24.67,grocery,pos,Dewas,5.0,0
904,10442,2025-02-05 07:19:14,42.19,55.33,grocery,mobile,Indore,,0
905,10229,2025-02-01 16:25:46,53.15,68.11,fashion,mobile,Bhopal,8.0,0
906,10354,2025-02-01 23:58:16,,82.67,grocery,mobile,Ujjain,52.0,0
907,10205,2025-02-27 10:33:46,23.96,15.2,electronics,pos,Delhi,15.0,0
908,10086,2025-03-01 08:04:25,32.32,29.47,grocery,pos,,50.0,0
909,10185,2025-02-12 15:41:40,6.98,5.62,grocery,mobile,,52.0,0
910,10045,2025-01-07 09:26:17,27.01,36.49,electronics,mobile,Indore,65.0,0
911,10385,2025-03-30 19:07:05,28.76,32.04,fashion,web,Indore,99.0,0
912,10091,2025-01-20 23:44:29,20.85,32.45,electronics,mobile,,119.0,0
913,10188,2025-01-09 10:37:29,45.04,,fuel,pos,Pune,41.0,0
914,10490,2025-02-23 18:20:46,39.0,53.27,restaurant,pos,Ujjain,110.0,0
915,10295,2025-02-07 02:43:47,9.31,20.07,fuel,mobile,Delhi,51.0,0
916,10229,2025-02-25 09:37:30,46.53,43.82,restaurant,mobile,Dewas,15.0,0
917,10271,2025-03-20 19:09:51,,28.64,restaurant,web,Bhopal,72.0,0
918,10392,2025-01-09 18:13:16,55.46,57.25,restaurant,web,Bhopal,87.0,0
919,10127,2025-01-26 13:33:02,17.58,,restaurant,mobile,Delhi,36.0,0
920,10318,2025-02-16 11:47:40,41.24,43.89,restaurant,pos,Pune,71.0,0
921,10436,2025-03-12 21:37:57,33.65,48.29,restaurant,mobile,Bhopal,52.0,0
922,10286,2025-02-24 01:23:20,49.26,58.86,restaurant,mobile,Bhopal,18.0,0
923,10223,2025-02-04 10:48:41,,65.27,grocery,mobile,Delhi,46.0,0
924,10072,2025-02-24 21:43:56,34.27,39.8,restaurant,web,Dewas,51.0,0
925,10124,2025-03-30 04:45:13,14.9,,,web,Bhopal,41.0,0
926,10473,2025-02-13 04:54:56,15.48,18.76,electronics,pos,Bhopal,109.0,0
927,10270,2025-03-21 12:25:28,27.67,31.17,fashion,web,Dewas,47.0,0
928,10150,2025-03-12 04:42:19,40.23,34.82,electronics,mobile,Indore,75.0,0
929,10209,2025-01-28 02:51:07,27.24,39.39,grocery,mobile,Indore,2.0,0
930,10289,2025-01-23 10:55:36,60.73,,fashion,web,Dewas,38.0,0
931,10268,2025-03-11 07:37:01,33.73,32.6,grocery,web,Ujjain,106.0,0
932,10349,2025-01-19 16:09:22,21.6,34.44,travel,web,Dewas,107.0,0
933,10128,2025-01-31 07:36:36,33.76,47.08,electronics,mobile,,117.0,0
934,10324,2025-01-22 04:27:26,46.84,61.52,fashion,pos,Ujjain,7.0,0
935,10221,2025-02-24 13:44:37,49.96,53.06,travel,mobile,Bhopal,103.0,0
936,10470,2025-01-27 11:20:30,137.13,153.18,restaurant,mobile,Pune,32.0,0
937,10078,2025-03-01 06:19:06,26.19,,restaurant,mobile,Indore,1.0,0
938,10074,2025-03-26 03:15:48,38.56,49.45,restaurant,pos,Delhi,12.0,0
939,10230,2025-03-16 15:55:33,53.36,72.19,fashion,web,Ujjain,90.0,0
940,10254,2025-03-27 07:34:49,39.84,47.57,restaurant,pos,Pune,71.0,0
941,10345,2025-01-03 04:48:49,29.21,48.51,travel,mobile,Bhopal,69.0,0
942,10202,2025-02-10 23:47:00,14.78,23.73,fashion,pos,Indore,105.0,0
943,10456,2025-01-20 19:32:27,29.02,30.62,fuel,mobile,Delhi,12.0,0
944,10237,2025-03-24 14:35:45,20.13,29.18,,web,Indore,10.0,0
945,10064,2025-03-06 01:44:32,13.17,28.4,electronics,mobile,Bhopal,112.0,0
946,10059,2025-01-29 19:40:38,24.11,42.99,restaurant,web,Dewas,73.0,0
947,10486,2025-02-20 17:12:36,20.48,32.43,grocery,pos,Delhi,93.0,0
948,10067,2025-02-24 11:44:00,,66.41,fuel,mobile,Bhopal,63.0,0
949,10473,2025-02-14 14:30:25,59.78,,electronics,mobile,Pune,18.0,0
950,10139,2025-02-12 16:36:02,22.48,29.79,fuel,web,Bhopal,63.0,0
951,10046,2025-01-05 23:15:12,34.15,51.64,grocery,mobile,Bhopal,115.0,0
952,10152,2025-02-10 17:19:03,12.09,17.01,restaurant,mobile,Bhopal,15.0,0
953,10307,2025-02-01 08:16:33,29.33,,electronics,pos,Delhi,16.0,0
954,10213,2025-03-15 15:25:14,52.42,59.12,grocery,mobile,Dewas,42.0,0
955,10392,2025-03-19 20:36:59,69.15,74.82,travel,mobile,Indore,55.0,0
956,10305,2025-03-09 12:53:54,25.45,27.21,fuel,pos,Delhi,75.0,0
957,10200,2025-01-03 18:43:42,80.13,90.83,restaurant,mobile,Bhopal,19.0,0
958,10317,2025-03-17 17:03:01,15.1,30.66,fuel,mobile,Bhopal,112.0,0
959,10485,2025-02-05 16:18:08,17.98,18.22,grocery,web,Indore,18.0,0
960,10205,2025-02-07 11:21:24,64.15,72.27,fashion,mobile,Pune,24.0,0
961,10076,2025-03-27 01:31:13,119.85,127.31,travel,mobile,Indore,116.0,0
962,10204,2025-03-20 01:21:30,55.74,68.16,grocery,web,Pune,45.0,0
963,10420,2025-01-05 13:54:08,380.4110655858622,426.06039345616574,restaurant,pos,Indore,69.0,0
964,10108,2025-02-02 09:14:20,9.71,23.87,restaurant,web,Dewas,52.0,0
965,10474,2025-03-09 11:21:51,10.86,13.79,,mobile,Indore,31.0,0
966,10294,2025-02-18 11:54:34,44.0,53.87,travel,web,Bhopal,61.0,0
967,10300,2025-01-24 04:26:35,32.05,34.67,travel,mobile,,93.0,0
968,10158,2025-02-17 05:31:02,19.71,26.3,fuel,pos,Dewas,2.0,0
969,10460,2025-03-19 23:52:30,42.21,49.79,grocery,web,Dewas,105.0,0
970,10018,2025-01-21 02:18:17,43.59,49.29,electronics,mobile,Indore,22.0,0
971,10149,2025-03-09 03:30:24,74.73,84.8,,mobile,Pune,110.0,0
972,10209,2025-03-08 03:05:00,44.2,53.12,restaurant,pos,,115.0,0
973,10238,2025-03-21 17:07:23,89.88,98.31,travel,web,Dewas,112.0,0
974,10237,2025-01-27 19:33:13,40.66,43.6,grocery,pos,Pune,78.0,0
975,10073,2025-01-20 10:23:51,37.53,55.69,restaurant,mobile,Dewas,108.0,0
976,10112,2025-02-19 06:56:02,80.79,112.17,electronics,mobile,Delhi,103.0,0
977,10047,2025-02-17 19:35:32,21.41,14.34,grocery,mobile,Ujjain,77.0,0
978,10286,2025-02-06 20:35:43,251.99,272.15,grocery,mobile,Bhopal,107.0,1
979,10175,2025-03-12 03:13:23,51.62,50.16,restaurant,mobile,Dewas,41.0,0
980,10282,2025-03-13 21:56:41,51.81,57.2,restaurant,web,,100.0,0
981,10294,2025-01-23 02:42:41,56.9,,grocery,mobile,Bhopal,111.0,0
982,10351,2025-03-13 14:20:38,137.02,,grocery,mobile,Delhi,76.0,0
983,10273,2025-01-21 18:24:43,67.7,77.2,restaurant,mobile,Pune,15.0,0
984,10323,2025-02-06 16:29:20,14.25,,fuel,web,Delhi,26.0,0
985,10293,2025-01-03 10:42:48,100.71,107.26,restaurant,mobile,Pune,21.0,0
986,10326,2025-01-31 15:15:03,32.41,34.35,grocery,mobile,Pune,64.0,0
987,10308,2025-03-28 06:23:34,43.36,48.4,restaurant,mobile,Ujjain,52.0,0
988,10158,2025-02-09 19:56:05,17.61,7.05,,pos,,,0
989,10123,2025-03-05 21:38:11,56.94,54.48,restaurant,mobile,Dewas,34.0,0
990,10393,2025-01-10 17:07:18,26.49,20.7,grocery,mobile,Pune,20.0,0
991,10171,2025-02-27 04:48:37,43.17,54.46,,web,Dewas,74.0,0
992,10274,2025-02-03 10:36:08,33.63,39.63,electronics,pos,,17.0,0
993,10098,2025-03-08 23:01:42,141.35,163.2,grocery,mobile,Dewas,108.0,0
994,10215,2025-03-25 12:31:17,146.71,,electronics,mobile,Delhi,10.0,0
995,10264,2025-02-17 20:17:02,41.69,34.82,fashion,web,Indore,59.0,0
996,10313,2025-01-10 06:06:28,42.16,52.52,travel,web,Dewas,113.0,0
997,10263,2025-02-12 20:26:56,31.73,13.31,fashion,pos,Dewas,66.0,0
998,10180,2025-01-12 01:54:54,,102.77,fuel,web,Bhopal,97.0,0
999,10480,2025-02-10 10:59:22,32.66,21.99,fuel,web,Delhi,51.0,0
1000,10256,2025-01-06 12:04:39,30.76,41.2,grocery,web,,90.0,0
1001,10404,2025-02-27 15:20:55,76.41,78.47,restaurant,pos,Bhopal,85.0,0
1002,10368,2025-01-28 22:34:23,28.51,40.32,grocery,pos,Pune,62.0,0
1003,10279,2025-01-19 03:18:55,39.47,69.87,fuel,pos,Dewas,12.0,0
1004,10443,2025-01-02 13:22:32,14.47,-1.98,electronics,pos,Ujjain,116.0,0
1005,10064,2025-03-21 22:12:24,63.93,77.16,travel,pos,Indore,6.0,0
1006,10460,2025-03-17 08:20:34,142.82,145.49,fuel,mobile,Dewas,43.0,0
1007,10425,2025-03-15 01:23:06,64.64,75.81,grocery,web,Pune,77.0,0
1008,10251,2025-01-06 05:34:31,104.6,115.5,electronics,mobile,,92.0,0
1009,10366,2025-02-01 11:03:26,23.34,27.18,fashion,web,Indore,64.0,0
1010,10260,2025-03-29 10:06:53,47.16,45.53,grocery,mobile,Bhopal,48.0,0
1011,10134,2025-02-22 01:47:45,21.91,30.78,electronics,web,Ujjain,49.0,0
1012,10399,2025-01-12 13:33:01,,27.48,electronics,web,Indore,117.0,0
1013,10122,2025-01-13 16:37:08,66.82,84.77,,mobile,Ujjain,40.0,0
1014,10157,2025-01-24 16:19:15,43.21,45.12,restaurant,web,Dewas,102.0,0
1015,10259,2025-03-29 12:16:04,16.15,6.87,grocery,web,,7.0,0
1016,10418,2025-01-16 06:21:41,17.21,32.03,travel,web,Ujjain,79.0,0
1017,10191,2025-03-23 06:14:53,16.48,17.92,restaurant,mobile,Delhi,81.0,0
1018,10247,2025-03-03 00:30:32,55.67,,electronics,web,Delhi,81.0,0
1019,10020,2025-03-24 23:17:55,154.71,183.05,fashion,web,Indore,51.0,1
1020,10057,2025-03-16 08:11:15,,,fashion,web,Pune,83.0,0
1021,10027,2025-01-30 21:28:19,11.79,12.52,grocery,pos,Ujjain,53.0,0
1022,10036,2025-03-16 12:15:14,,115.06,electronics,web,Delhi,71.0,0
1023,10434,2025-01-16 05:19:51,74.34,95.47,grocery,web,Delhi,107.0,0
1024,10420,2025-01-27 04:29:36,14.81,20.09,grocery,pos,Pune,81.0,0
1025,10410,2025-01-20 01:25:40,33.21,38.61,fuel,pos,Bhopal,88.0,0
1026,10027,2025-01-12 23:38:38,82.44,,fuel,web,Dewas,116.0,0
1027,10038,2025-01-09 02:24:10,57.85,64.39,travel,web,Indore,27.0,0
1028,10140,2025-01-17 20:46:56,17.27,29.78,electronics,web,Bhopal,70.0,0
1029,10282,2025-01-11 19:26:20,60.16,67.41,electronics,mobile,Pune,79.0,0
1030,10167,2025-02-04 05:43:05,10.08,8.13,fashion,web,Indore,83.0,0
1031,10243,2025-01-07 10:01:04,34.99,34.67,fashion,pos,Indore,16.0,0
1032,10086,2025-01-06 12:21:27,84.75,90.49,,pos,Delhi,91.0,0
1033,10365,2025-03-31 02:01:04,40.93,34.62,restaurant,mobile,Dewas,24.0,0
1034,10156,2025-01-08 21:25:11,29.24,26.75,,web,,49.0,0
1035,10033,2025-01-07 15:57:52,72.1,92.74,restaurant,pos,Ujjain,,0
1036,10371,2025-01-03 17:01:45,,83.71,restaurant,mobile,Ujjain,32.0,0
1037,10451,2025-01-12 22:17:27,94.78,111.79,fashion,pos,Delhi,15.0,0
1038,10007,2025-02-17 12:18:19,71.4,60.14,grocery,web,Bhopal,81.0,0
1039,10218,2025-03-16 10:52:11,81.69,96.04,electronics,mobile,,34.0,0
1040,10413,2025-03-08 03:22:04,65.13,71.65,fashion,pos,Bhopal,99.0,0
1041,10353,2025-02-22 05:19:07,48.07,,grocery,pos,Bhopal,107.0,0
1042,10428,2025-01-08 15:39:11,42.87,49.46,grocery,mobile,Ujjain,42.0,0
1043,10207,2025-03-11 16:44:28,34.67,34.86,restaurant,mobile,Dewas,88.0,0
1044,10186,2025-01-04 08:27:46,18.39,3.61,restaurant,mobile,,27.0,0
1045,10354,2025-02-26 18:46:11,21.74,,restaurant,mobile,Pune,111.0,0
1046,10076,2025-02-06 20:09:24,,39.65,restaurant,pos,Bhopal,30.0,0
1047,10119,2025-03-21 09:29:53,47.32,50.49,restaurant,mobile,,105.0,0
1048,10300,2025-01-28 16:16:17,103.19,107.84,grocery,web,Bhopal,94.0,0
1049,10334,2025-02-27 11:05:23,,32.32,restaurant,web,Bhopal,38.0,0
1050,10059,2025-02-09 14:23:21,77.65,,restaurant,mobile,Bhopal,99.0,0
1051,10254,2025-02-16 23:47:24,81.58,104.28,fashion,pos,Bhopal,76.0,0
1052,10182,2025-03-26 11:48:12,34.8,40.6,grocery,web,Bhopal,80.0,0
1053,10250,2025-03-06 03:32:21,59.53,55.61,grocery,mobile,Pune,46.0,0
1054,10479,2025-02-07 07:26:27,,40.47,restaurant,pos,,28.0,0
1055,10038,2025-02-10 06:22:06,95.53,106.57,electronics,mobile,Indore,83.0,0
1056,10497,2025-03-05 09:52:27,61.15,75.4,grocery,web,Indore,7.0,0
1057,10224,2025-02-01 03:29:52,18.66,25.75,restaurant,mobile,,42.0,0
1058,10386,2025-01-16 02:34:22,44.92,,fuel,mobile,,17.0,0
1059,10212,2025-02-12 02:07:45,118.07,136.6,electronics,web,Ujjain,1.0,0
1060,10155,2025-01-07 03:21:58,35.95,32.24,grocery,mobile,Bhopal,1.0,0
1061,10385,2025-01-16 06:34:56,54.11,49.23,grocery,mobile,Delhi,12.0,0
1062,10343,2025-02-07 20:43:48,57.67,63.08,restaurant,mobile,Indore,112.0,0
1063,10072,2025-03-13 16:35:41,20.62,26.38,fuel,mobile,Indore,92.0,0
1064,10352,2025-03-12 07:51:42,56.37,50.01,,web,Indore,118.0,0
1065,10376,2025-01-24 11:07:12,16.35,23.95,electronics,web,Ujjain,10.0,0
1066,10193,2025-02-07 23:21:51,26.93,36.27,grocery,web,Indore,119.0,0
1067,10462,2025-01-14 19:37:41,81.39,91.53,,web,Dewas,72.0,0
1068,10320,2025-03-09 23:19:38,51.0,,electronics,mobile,Delhi,95.0,0
1069,10166,2025-01-23 04:07:15,33.18,29.33,fuel,web,Ujjain,103.0,0
1070,10005,2025-03-13 22:58:36,54.07,68.77,grocery,mobile,Dewas,32.0,0
1071,10337,2025-03-17 18:52:17,38.9,,electronics,web,Ujjain,89.0,0
1072,10104,2025-03-04 00:25:25,40.78,54.19,fuel,web,Indore,78.0,0
1073,10378,2025-01-30 17:14:05,,68.11,travel,web,Bhopal,50.0,0
1074,10262,2025-03-27 18:17:01,25.21,27.47,grocery,mobile,Delhi,59.0,0
1075,10233,2025-03-03 17:52:03,41.52,32.84,grocery,mobile,Ujjain,25.0,0
1076,10081,2025-02-28 03:00:48,,35.81,grocery,pos,Delhi,23.0,0
1077,10355,2025-03-19 01:50:41,14.43,21.07,electronics,web,Pune,110.0,0
1078,10082,2025-03-21 07:58:24,22.24,14.22,restaurant,mobile,Indore,88.0,0
1079,10208,2025-01-07 23:55:42,112.09,129.53,grocery,pos,Indore,68.0,0
1080,10418,2025-03-21 08:08:33,51.94,,restaurant,mobile,Ujjain,83.0,0
1081,10460,2025-03-10 20:27:09,17.11,14.01,restaurant,web,Pune,49.0,0
1082,10494,2025-01-19 14:05:14,14.86,23.48,grocery,web,Indore,30.0,0
1083,10479,2025-01-28 16:33:26,37.6,24.49,grocery,web,Bhopal,113.0,0
1084,10277,2025-03-09 17:45:24,111.58,127.74,grocery,pos,Dewas,118.0,0
1085,10100,2025-01-20 11:54:15,35.82,53.07,grocery,mobile,Indore,26.0,0
1086,10419,2025-02-10 17:12:58,94.59,117.46,fuel,mobile,Indore,,0
1087,10400,2025-03-04 00:01:37,,60.06,grocery,pos,Indore,53.0,0
1088,10495,2025-02-28 13:03:26,54.94,,restaurant,mobile,Indore,85.0,0
1089,10325,2025-03-23 21:09:38,16.98,13.93,fuel,mobile,Dewas,13.0,0
1090,10070,2025-01-11 00:55:11,74.4,80.9,restaurant,web,Pune,58.0,0
1091,10251,2025-01-27 13:14:29,32.53,40.78,restaurant,mobile,Bhopal,15.0,0
1092,10224,2025-03-30 15:20:21,70.88,72.93,,web,Ujjain,97.0,0
1093,10421,2025-02-21 04:40:51,,32.75,fashion,web,Ujjain,48.0,0
1094,10196,2025-01-23 09:12:25,45.38,67.89,fashion,web,Pune,32.0,0
1095,10164,2025-01-27 02:02:30,50.85,56.46,electronics,mobile,Pune,84.0,0
1096,10040,2025-01-31 12:41:56,36.59,30.23,grocery,mobile,Dewas,114.0,0
1097,10417,2025-02-19 21:15:24,52.61,48.17,electronics,mobile,Bhopal,41.0,0
1098,10377,2025-01-26 14:36:40,34.02,44.31,grocery,web,Indore,86.0,0
1099,10020,2025-02-25 23:13:19,26.53,29.24,fuel,pos,Pune,83.0,0
1100,10216,2025-02-10 01:46:39,114.84,135.64,travel,web,Indore,59.0,0
1101,10239,2025-02-24 22:19:27,79.98,85.31,fuel,pos,,96.0,0
1102,10234,2025-01-14 23:03:42,24.67,34.28,restaurant,mobile,Delhi,16.0,0
1103,10459,2025-02-26 02:51:36,,64.29,electronics,mobile,Ujjain,105.0,0
1104,10075,2025-03-25 05:26:30,24.96,22.1,fuel,mobile,Indore,49.0,0
1105,10153,2025-01-13 03:46:20,18.73,17.77,electronics,pos,Dewas,6.0,0
1106,10090,2025-01-30 11:16:38,79.2,79.13,,mobile,Indore,118.0,0
1107,10122,2025-03-04 10:02:50,13.36,30.88,restaurant,web,Ujjain,93.0,0
1108,10453,2025-02-25 13:35:36,73.88,81.97,grocery,pos,Dewas,98.0,0
1109,10470,2025-03-02 17:27:38,,43.59,restaurant,web,Ujjain,18.0,0
1110,10022,2025-02-20 08:39:33,35.25,35.19,grocery,mobile,Delhi,90.0,0
1111,10316,2025-03-03 10:23:25,52.79,50.71,restaurant,mobile,Indore,,0
1112,10116,2025-02-24 20:16:36,59.01,64.22,fuel,pos,Dewas,108.0,0
1113,10096,2025-01-07 15:59:32,23.64,,travel,mobile,Indore,45.0,0
1114,10146,2025-03-09 14:46:20,64.49,68.06,restaurant,web,Delhi,111.0,0
1115,10097,2025-02-10 05:10:18,43.54,41.8,fashion,mobile,Delhi,85.0,0
1116,10245,2025-01-05 15:08:01,17.88,21.27,restaurant,web,Delhi,31.0,0
1117,10497,2025-02-06 19:30:57,36.22,44.56,fuel,mobile,Ujjain,26.0,0
1118,10293,2025-02-09 03:59:17,,124.33,,mobile,Ujjain,108.0,0
1119,10361,2025-01-08 19:17:48,120.28,137.54,travel,pos,Pune,77.0,0
1120,10246,2025-03-31 15:33:02,64.47,77.36,restaurant,web,Delhi,15.0,0
1121,10006,2025-01-21 00:18:53,18.66,26.65,,web,Ujjain,15.0,0
1122,10042,2025-01-30 18:13:15,55.64,53.09,grocery,mobile,Indore,99.0,0
1123,10134,2025-02-09 16:28:45,70.32,71.05,grocery,web,Bhopal,21.0,0
1124,10121,2025-03-16 22:12:47,64.83,63.94,electronics,web,Dewas,27.0,0
1125,10420,2025-03-08 20:40:39,67.37,64.8,grocery,mobile,Bhopal,74.0,0
1126,10421,2025-03-11 09:16:48,51.22,63.73,travel,mobile,Delhi,103.0,0
1127,10427,2025-01-22 08:03:14,38.59,45.54,grocery,web,Dewas,41.0,0
1128,10318,2025-03-18 02:08:19,27.24,31.14,,mobile,,80.0,0
1129,10278,2025-03-16 16:15:35,11.78,-7.55,grocery,pos,Pune,84.0,0
1130,10324,2025-02-11 17:56:07,50.44,72.94,electronics,mobile,Bhopal,72.0,0
1131,10203,2025-02-19 02:55:27,45.65,43.97,restaurant,web,Pune,82.0,0
1132,10335,2025-01-04 08:13:20,58.12,81.51,travel,web,Bhopal,28.0,0
1133,10397,2025-03-10 10:30:39,16.96,7.4,travel,web,Indore,74.0,0
1134,10381,2025-03-28 11:35:33,61.51,62.39,restaurant,mobile,Ujjain,,0
1135,10306,2025-02-12 12:43:15,153.77,154.6,fashion,mobile,Bhopal,87.0,0
1136,10029,2025-02-18 15:28:58,42.56,50.56,fuel,web,Pune,95.0,0
1137,10362,2025-02-14 22:15:34,38.86,34.71,grocery,web,Delhi,95.0,0
1138,10183,2025-01-08 10:30:46,49.44,,grocery,mobile,,4.0,0
1139,10371,2025-02-25 18:35:37,151.57,158.78,,mobile,Indore,109.0,1
1140,10269,2025-03-06 22:19:21,467.46301798317296,523.5585801411538,restaurant,pos,Dewas,52.0,0
1141,10440,2025-03-25 12:24:59,46.16,57.39,restaurant,web,Dewas,10.0,0
1142,10169,2025-03-25 16:20:15,24.05,41.43,restaurant,web,Delhi,64.0,0
1143,10465,2025-02-14 06:18:54,28.34,26.26,grocery,mobile,Ujjain,69.0,0
1144,10422,2025-03-28 07:24:17,39.16,45.61,travel,web,Delhi,48.0,0
1145,10165,2025-02-17 13:54:01,97.1,98.44,restaurant,web,Bhopal,90.0,0
1146,10241,2025-02-27 18:48:56,130.4,143.37,fashion,mobile,,65.0,0
1147,10265,2025-02-24 04:18:48,54.12,56.46,grocery,mobile,Bhopal,26.0,0
1148,10384,2025-03-31 21:09:11,,39.19,restaurant,web,Pune,74.0,0
1149,10344,2025-03-08 09:01:57,204.44,237.11,grocery,mobile,Bhopal,32.0,1
1150,10426,2025-01-11 19:12:36,30.63,42.23,fashion,mobile,Dewas,15.0,0
1151,10184,2025-01-07 11:11:48,27.9,24.51,electronics,web,Pune,32.0,0
1152,10252,2025-02-06 21:20:32,12.76,22.28,restaurant,pos,Indore,108.0,0
1153,10215,2025-02-16 09:53:05,100.23,,grocery,web,Dewas,69.0,0
1154,10454,2025-03-02 04:13:36,75.9,82.41,restaurant,pos,Delhi,38.0,0
1155,10152,2025-02-13 08:14:16,194.72,212.42,restaurant,pos,Pune,44.0,1
1156,10293,2025-02-16 07:37:26,16.39,13.88,electronics,mobile,Indore,103.0,0
1157,10060,2025-03-24 22:50:22,104.36,130.82,restaurant,web,Delhi,80.0,0
1158,10425,2025-01-31 03:20:16,,,,pos,Delhi,93.0,0
1159,10192,2025-02-14 09:58:27,68.3,77.89,fashion,mobile,Bhopal,73.0,0
1160,10170,2025-02-20 03:57:07,13.86,13.43,electronics,web,Delhi,119.0,0
1161,10291,2025-02-12 03:34:20,105.03,,restaurant,mobile,Bhopal,79.0,0
1162,10249,2025-03-29 03:08:23,67.44,85.97,fuel,mobile,Dewas,48.0,0
1163,10423,2025-03-28 14:21:07,39.44,38.4,restaurant,pos,Bhopal,31.0,0
1164,10265,2025-02-16 04:20:28,61.52,66.71,fuel,mobile,Ujjain,6.0,0
1165,10258,2025-02-10 13:14:42,24.59,25.83,restaurant,pos,Delhi,92.0,0
1166,10052,2025-02-23 00:10:21,524.3268486990708,587.2460705429593,grocery,mobile,Ujjain,112.0,0
1167,10010,2025-01-17 06:42:37,29.93,,travel,mobile,Ujjain,80.0,0
1168,10199,2025-02-08 08:07:07,,,grocery,mobile,Pune,58.0,0
1169,10499,2025-01-20 12:32:19,70.82,90.94,electronics,pos,Pune,16.0,0
1170,10458,2025-01-13 23:08:54,,87.77,grocery,pos,Dewas,77.0,0
1171,10314,2025-01-09 13:36:18,25.64,19.69,grocery,pos,Dewas,,0
1172,10315,2025-02-22 20:03:56,50.72,52.94,restaurant,pos,Bhopal,75.0,0
1173,10195,2025-01-01 01:13:37,34.04,34.63,fuel,mobile,Dewas,36.0,0
1174,10088,2025-02-28 03:43:59,,72.07,grocery,web,Dewas,104.0,0
1175,10004,2025-02-08 21:00:09,26.9,38.14,restaurant,pos,Dewas,112.0,0
1176,10169,2025-02-02 23:36:09,22.78,33.07,,web,Dewas,28.0,0
1177,10158,2025-03-11 05:33:50,80.15,87.65,fashion,web,Dewas,39.0,0
1178,10095,2025-02-18 11:41:58,38.8,41.17,,mobile,Pune,110.0,0
1179,10129,2025-03-08 00:17:15,150.56,157.01,fashion,mobile,,3.0,1
1180,10012,2025-03-05 20:27:52,41.68,52.94,fuel,mobile,Bhopal,62.0,0
1181,10303,2025-01-03 21:26:31,,,fashion,web,Dewas,17.0,0
1182,10463,2025-01-20 09:27:48,89.79,110.85,fashion,web,Ujjain,52.0,0
1183,10345,2025-02-21 07:09:47,60.95,66.58,electronics,web,Ujjain,4.0,0
1184,10224,2025-03-29 19:10:46,64.88,71.53,fashion,mobile,Delhi,17.0,0
1185,10210,2025-01-14 21:15:05,87.7,99.58,restaurant,web,Dewas,48.0,0
1186,10153,2025-01-10 12:00:19,26.46,36.77,,mobile,Indore,8.0,0
1187,10071,2025-03-26 16:43:29,37.24,29.95,,web,,95.0,0
1188,10299,2025-03-29 00:17:32,36.18,46.41,,mobile,Pune,,0
1189,10283,2025-01-16 01:30:30,17.48,19.41,travel,mobile,Dewas,54.0,0
1190,10003,2025-02-06 03:41:20,34.08,29.7,restaurant,mobile,Pune,57.0,0
1191,10207,2025-02-26 09:32:26,96.41,91.3,restaurant,pos,Dewas,100.0,0
1192,10139,2025-01-18 13:41:31,47.19,,fashion,web,Indore,101.0,0
1193,10085,2025-01-30 08:40:29,16.86,30.46,fashion,mobile,Ujjain,6.0,0
1194,10351,2025-02-05 13:49:24,14.71,29.87,,mobile,Indore,82.0,0
1195,10262,2025-02-27 17:46:20,119.36,136.53,fashion,web,Delhi,56.0,0
1196,10316,2025-01-28 17:25:08,38.14,58.41,grocery,pos,Delhi,94.0,0
1197,10356,2025-02-07 02:28:42,26.55,29.39,fashion,pos,Bhopal,94.0,0
1198,10490,2025-01-27 01:29:58,33.85,45.54,grocery,mobile,Delhi,85.0,0
1199,10401,2025-03-10 08:49:44,,13.73,fuel,pos,Dewas,81.0,0
1200,10310,2025-01-14 18:33:19,102.0,110.12,grocery,mobile,Delhi,26.0,0
1201,10439,2025-01-21 18:16:00,31.33,29.67,fuel,mobile,Delhi,102.0,0
1202,10238,2025-01-23 11:58:38,98.38,,travel,web,Bhopal,84.0,0
1203,10492,2025-03-23 12:30:37,41.83,57.15,grocery,web,Dewas,33.0,0
1204,10380,2025-03-27 00:04:07,102.43,109.59,restaurant,web,Ujjain,28.0,0
1205,10325,2025-02-15 00:27:10,47.79,47.11,restaurant,mobile,Delhi,60.0,0
1206,10451,2025-01-15 01:49:28,70.43,69.44,,mobile,Pune,41.0,0
1207,10257,2025-03-10 01:09:40,,70.66,restaurant,web,Ujjain,81.0,0
1208,10360,2025-02-14 06:54:57,60.65,,grocery,mobile,Delhi,49.0,0
1209,10142,2025-03-18 11:25:01,50.71,,grocery,web,Indore,21.0,0
1210,10481,2025-02-02 09:35:17,34.77,25.66,grocery,mobile,Bhopal,48.0,0
1211,10311,2025-03-31 21:28:11,140.48,154.5,restaurant,web,Delhi,98.0,0
1212,10391,2025-03-14 15:07:38,22.43,16.85,restaurant,mobile,Ujjain,99.0,0
1213,10230,2025-01-21 03:43:21,40.56,,,mobile,Ujjain,38.0,0
1214,10433,2025-03-07 07:10:43,40.84,48.03,restaurant,mobile,Bhopal,95.0,0
1215,10037,2025-01-26 19:41:15,,53.75,restaurant,web,Indore,12.0,0
1216,10057,2025-02-01 11:33:02,30.6,34.85,restaurant,mobile,Dewas,118.0,0
1217,10253,2025-01-23 12:56:07,49.63,51.77,fashion,pos,Indore,92.0,0
1218,10366,2025-03-03 09:35:40,36.24,53.5,travel,web,,5.0,0
1219,10404,2025-01-24 15:48:07,14.46,,grocery,mobile,Ujjain,84.0,0
1220,10220,2025-02-27 11:48:22,40.7,50.94,grocery,web,Pune,59.0,0
1221,10324,2025-02-22 10:04:50,19.78,0.82,restaurant,web,Pune,106.0,0
1222,10276,2025-03-09 13:43:32,,14.14,fuel,mobile,Indore,29.0,0
1223,10480,2025-03-31 10:00:31,44.21,66.18,grocery,web,Indore,107.0,0
1224,10327,2025-01-01 19:03:06,55.54,72.81,fashion,mobile,Delhi,104.0,0
1225,10208,2025-03-31 03:00:02,56.96,49.02,fashion,pos,Ujjain,34.0,0
1226,10484,2025-01-10 20:12:12,58.48,62.99,electronics,web,Dewas,52.0,0
1227,10053,2025-02-17 09:49:48,607.6899957090277,680.6127951941111,grocery,web,Pune,77.0,0
1228,10492,2025-01-31 16:19:19,16.7,32.39,grocery,pos,Indore,29.0,0
1229,10077,2025-02-27 12:17:55,145.88,165.34,travel,mobile,Pune,119.0,0
1230,10144,2025-03-06 22:57:04,20.48,,fashion,pos,Indore,23.0,0
1231,10410,2025-03-19 09:32:10,60.16,67.65,restaurant,mobile,Ujjain,30.0,0
1232,10366,2025-02-06 04:16:33,,8.13,grocery,mobile,Dewas,60.0,0
1233,10485,2025-03-25 23:08:10,42.6,39.03,fuel,pos,Pune,57.0,0
1234,10374,2025-01-30 00:27:36,26.8,30.31,grocery,web,Dewas,6.0,0
1235,10318,2025-01-19 08:20:20,58.27,72.03,travel,pos,Indore,109.0,0
1236,10173,2025-02-04 02:55:31,44.21,33.98,travel,mobile,Ujjain,29.0,0
1237,10002,2025-02-17 13:39:00,30.22,30.8,restaurant,pos,Delhi,13.0,0
1238,10061,2025-03-02 03:13:30,20.44,30.97,fuel,web,Dewas,62.0,0
1239,10148,2025-03-16 22:55:40,48.14,42.31,fashion,mobile,Indore,111.0,0
1240,10020,2025-01-21 05:41:28,18.39,22.43,grocery,web,Dewas,1.0,0
1241,10254,2025-01-28 06:54:59,53.4,,restaurant,pos,Bhopal,59.0,0
1242,10388,2025-03-26 11:32:49,223.01,263.49,grocery,web,Indore,109.0,1
1243,10481,2025-02-09 13:59:15,97.28,107.11,electronics,web,Ujjain,107.0,0
1244,10244,2025-01-22 17:47:35,64.52,70.89,,pos,Pune,21.0,0
1245,10437,2025-03-30 16:56:29,38.26,49.69,restaurant,mobile,Delhi,74.0,0
1246,10492,2025-02-10 09:46:41,11.47,2.24,grocery,mobile,Indore,100.0,0
1247,10429,2025-03-30 15:42:03,17.12,17.41,fuel,web,Indore,80.0,0
1248,10232,2025-03-24 17:43:20,93.11,,restaurant,mobile,Bhopal,79.0,0
1249,10162,2025-03-23 13:11:26,24.21,26.0,fashion,web,Bhopal,92.0,0
1250,10488,2025-02-22 08:46:16,25.67,35.54,restaurant,mobile,Bhopal,54.0,0
1251,10120,2025-03-13 20:38:54,36.32,,grocery,mobile,Delhi,8.0,0
1252,10205,2025-03-28 10:47:58,20.28,16.72,fuel,mobile,Ujjain,77.0,0
1253,10037,2025-01-25 05:19:18,18.22,,grocery,web,Indore,75.0,0
1254,10396,2025-01-04 09:32:09,39.14,55.76,grocery,web,Delhi,102.0,0
1255,10324,2025-01-29 21:02:10,22.66,18.73,restaurant,mobile,Pune,110.0,0
1256,10042,2025-02-27 07:42:02,,29.15,restaurant,web,Ujjain,41.0,0
1257,10110,2025-02-19 06:07:51,24.34,25.72,grocery,web,Bhopal,114.0,0
1258,10277,2025-01-08 06:03:46,56.8,63.11,restaurant,mobile,Dewas,,0
1259,10270,2025-02-20 11:16:44,34.78,25.91,restaurant,mobile,Indore,116.0,0
1260,10401,2025-01-16 16:42:03,36.01,51.62,restaurant,mobile,Pune,17.0,0
1261,10133,2025-02-15 11:53:09,59.62,60.58,,mobile,Ujjain,77.0,0
1262,10462,2025-02-21 19:30:46,36.88,49.51,,pos,Dewas,82.0,0
1263,10222,2025-02-27 07:12:28,33.76,,,mobile,Bhopal,76.0,0
1264,10411,2025-02-07 03:07:06,54.92,56.51,grocery,pos,Delhi,118.0,0
1265,10119,2025-02-06 17:58:39,62.45,79.65,electronics,mobile,Ujjain,66.0,0
1266,10018,2025-03-03 01:43:05,36.76,49.12,electronics,web,Indore,16.0,0
1267,10027,2025-03-09 10:12:58,42.62,49.4,,pos,Dewas,73.0,0
1268,10186,2025-03-14 16:43:12,24.33,33.34,grocery,pos,Pune,35.0,0
1269,10476,2025-01-31 00:28:04,23.12,23.59,fashion,mobile,Dewas,73.0,0
1270,10024,2025-02-08 04:00:17,66.68,74.61,restaurant,web,Delhi,46.0,0
1271,10184,2025-01-30 18:15:44,54.01,55.2,,web,Bhopal,6.0,0
1272,10054,2025-02-17 11:29:41,,68.14,fashion,mobile,Indore,76.0,0
1273,10465,2025-01-12 10:48:29,,48.83,grocery,mobile,Bhopal,11.0,0
1274,10337,2025-02-08 16:59:50,41.68,58.56,travel,mobile,Pune,40.0,0
1275,10381,2025-01-17 23:37:06,63.6,68.71,restaurant,mobile,Delhi,74.0,0
1276,10356,2025-02-17 21:59:57,74.28,83.36,travel,mobile,Delhi,105.0,0
1277,10328,2025-03-18 13:07:30,73.13,87.98,grocery,web,Ujjain,38.0,0
1278,10386,2025-03-30 16:27:15,37.88,42.62,electronics,web,Dewas,36.0,0
1279,10004,2025-02-10 03:58:11,99.64,109.21,fuel,web,Dewas,36.0,0
1280,10432,2025-01-06 01:40:21,46.92,52.31,restaurant,pos,Dewas,69.0,0
1281,10369,2025-01-21 12:11:39,61.01,75.48,travel,mobile,Pune,24.0,0
1282,10369,2025-01-10 10:24:31,48.59,49.12,travel,pos,Delhi,63.0,0
1283,10196,2025-03-10 08:10:36,47.49,52.18,electronics,mobile,Ujjain,96.0,0
1284,10400,2025-03-30 14:53:35,25.07,28.16,fuel,pos,Ujjain,10.0,0
1285,10190,2025-02-19 20:35:57,63.81,78.38,grocery,mobile,Dewas,115.0,0
1286,10024,2025-01-16 21:59:32,257.09,287.14,fashion,pos,Pune,64.0,1
1287,10453,2025-01-02 21:41:49,31.7,49.97,restaurant,pos,Pune,75.0,0
1288,10117,2025-03-29 20:21:24,42.36,46.19,travel,mobile,Dewas,,0
1289,10050,2025-01-29 11:20:26,30.26,31.99,restaurant,web,Dewas,113.0,0
1290,10310,2025-01-11 01:56:36,29.45,,grocery,mobile,Delhi,80.0,0
1291,10116,2025-01-16 22:19:22,110.38,113.09,electronics,web,Pune,106.0,0
1292,10429,2025-01-23 23:21:01,26.12,20.96,travel,web,,35.0,0
1293,10221,2025-03-01 00:41:07,29.72,29.04,travel,mobile,Ujjain,26.0,0
1294,10002,2025-03-22 06:15:07,14.41,25.23,,pos,Bhopal,77.0,0
1295,10475,2025-01-25 18:04:01,24.72,,fashion,web,Dewas,19.0,0
1296,10257,2025-03-03 20:26:25,13.32,11.04,travel,web,Ujjain,14.0,0
1297,10131,2025-01-06 20:17:06,415.55876454553953,465.4258162910043,electronics,pos,Ujjain,26.0,0
1298,10338,2025-01-01 21:49:20,249.59,291.95,restaurant,web,Indore,33.0,1
1299,10265,2025-01-05 22:39:34,31.87,45.74,electronics,web,Indore,12.0,0
1300,10014,2025-03-25 01:57:26,13.69,8.51,grocery,mobile,Bhopal,87.0,0
1301,10379,2025-02-22 08:31:51,72.6,77.35,fashion,pos,Pune,70.0,0
1302,10200,2025-03-14 11:10:00,25.22,42.76,restaurant,mobile,Ujjain,24.0,0
1303,10349,2025-01-02 22:55:21,94.12,107.34,fashion,mobile,Ujjain,34.0,0
1304,10447,2025-01-03 00:01:25,33.67,35.57,grocery,mobile,Ujjain,111.0,0
1305,10305,2025-03-18 09:23:27,26.82,,grocery,web,Pune,109.0,0
1306,10335,2025-01-10 05:38:21,36.03,,travel,pos,Dewas,15.0,0
1307,10127,2025-01-14 23:39:27,66.19,69.56,fashion,pos,Dewas,73.0,0
1308,10118,2025-02-16 16:55:16,34.89,40.83,grocery,mobile,Ujjain,39.0,0
1309,10207,2025-02-24 14:10:59,29.29,40.22,grocery,web,Pune,,0
1310,10426,2025-01-21 14:23:30,35.54,30.52,grocery,web,Ujjain,72.0,0
1311,10262,2025-02-10 00:31:34,17.7,19.92,restaurant,web,Pune,118.0,0
1312,10174,2025-03-02 17:43:19,52.36,49.73,restaurant,web,Pune,70.0,0
1313,10389,2025-02-09 20:33:33,12.66,6.31,restaurant,web,Dewas,114.0,0
1314,10426,2025-02-04 10:31:51,30.31,,grocery,pos,Pune,98.0,0
1315,10451,2025-01-07 11:04:54,66.26,78.03,restaurant,web,Pune,93.0,0
1316,10149,2025-02-10 16:03:02,49.25,52.58,travel,mobile,Dewas,,0
1317,10354,2025-03-14 05:56:41,59.37,61.31,grocery,mobile,Delhi,95.0,0
1318,10295,2025-02-26 09:47:55,,43.83,electronics,pos,Dewas,31.0,0
1319,10224,2025-03-22 08:59:36,86.52,87.73,fuel,pos,Dewas,117.0,0
1320,10198,2025-01-12 08:31:48,73.78,,electronics,mobile,Bhopal,110.0,0
1321,10057,2025-01-01 23:47:45,54.05,69.59,,web,Dewas,,0
1322,10137,2025-02-19 08:01:23,73.91,,fuel,mobile,Ujjain,85.0,0
1323,10274,2025-01-17 01:47:06,65.88,72.16,travel,web,Ujjain,105.0,0
1324,10443,2025-02-23 11:01:16,30.4,37.04,restaurant,web,Ujjain,,0
1325,10433,2025-03-23 08:25:58,16.89,2.69,restaurant,web,Indore,8.0,0
1326,10093,2025-01-31 08:12:58,53.16,63.83,grocery,pos,Pune,119.0,0
1327,10339,2025-02-19 10:54:22,57.68,89.42,restaurant,web,Ujjain,66.0,0
1328,10042,2025-03-03 08:27:45,82.17,91.05,,mobile,Delhi,86.0,0
1329,10337,2025-01-14 12:05:07,22.01,,travel,mobile,Bhopal,60.0,0
1330,10170,2025-03-22 18:19:49,22.44,31.08,restaurant,mobile,Bhopal,62.0,0
1331,10224,2025-01-19 06:01:38,54.54,74.25,fuel,web,Ujjain,5.0,0
1332,10358,2025-03-14 17:52:20,38.62,51.05,electronics,pos,Delhi,35.0,0
1333,10212,2025-03-01 09:34:13,11.87,-3.95,grocery,mobile,,11.0,0
1334,10403,2025-01-13 16:29:04,51.62,62.32,fuel,mobile,Bhopal,52.0,0
1335,10266,2025-03-07 05:36:15,12.13,34.16,electronics,mobile,Dewas,3.0,0
1336,10499,2025-01-18 16:23:03,21.88,29.49,fashion,pos,Delhi,96.0,0
1337,10319,2025-02-23 22:45:42,97.38,99.83,fuel,pos,Dewas,35.0,0
1338,10148,2025-03-28 08:54:45,132.45,150.6,fashion,mobile,Bhopal,,0
1339,10387,2025-03-27 18:48:01,18.35,10.31,travel,mobile,Pune,7.0,0
1340,10203,2025-03-20 09:52:31,32.65,46.43,restaurant,web,Pune,4.0,0
1341,10267,2025-02-14 11:10:38,41.58,38.92,grocery,web,Pune,51.0,0
1342,10068,2025-02-20 08:36:05,128.74,144.78,electronics,web,Indore,94.0,0
1343,10059,2025-01-28 00:35:14,29.36,26.02,grocery,web,Pune,97.0,0
1344,10287,2025-03-24 21:16:11,29.67,28.86,grocery,web,Ujjain,65.0,0
1345,10093,2025-02-12 22:49:23,110.68,135.85,fashion,pos,Dewas,74.0,0
1346,10498,2025-03-11 10:42:44,31.7,36.33,restaurant,pos,Dewas,82.0,0
1347,10427,2025-02-02 08:52:45,,,restaurant,pos,,81.0,0
1348,10350,2025-03-08 15:18:58,15.48,8.18,fuel,mobile,Indore,89.0,0
1349,10367,2025-01-21 04:44:17,36.19,25.56,fuel,mobile,Pune,4.0,0
1350,10297,2025-03-08 00:59:54,13.75,5.39,restaurant,web,Pune,52.0,0
1351,10030,2025-01-05 03:16:50,20.37,,restaurant,mobile,Ujjain,100.0,0
1352,10196,2025-01-10 10:24:31,69.79,86.01,restaurant,web,Dewas,53.0,0
1353,10247,2025-02-01 16:46:44,39.16,39.38,restaurant,mobile,Indore,18.0,0
1354,10457,2025-02-13 09:11:49,32.87,49.38,electronics,pos,Dewas,80.0,0
1355,10109,2025-03-06 00:38:39,24.86,22.1,fashion,pos,Ujjain,37.0,0
1356,10248,2025-02-02 07:33:10,35.04,37.34,grocery,web,Delhi,61.0,0
1357,10172,2025-01-02 15:49:32,49.19,46.46,travel,mobile,Dewas,62.0,0
1358,10067,2025-01-30 06:51:01,76.62,93.74,fashion,web,Bhopal,83.0,0
1359,10051,2025-02-09 12:37:32,7.34,25.0,grocery,web,Delhi,111.0,0
1360,10182,2025-02-18 22:26:06,23.56,12.29,grocery,web,Bhopal,83.0,0
1361,10041,2025-02-27 23:03:37,44.85,47.46,electronics,web,Indore,119.0,0
1362,10033,2025-01-23 06:57:08,37.93,52.6,travel,mobile,Dewas,3.0,0
1363,10175,2025-02-24 22:28:22,52.57,,fashion,mobile,Delhi,94.0,0
1364,10100,2025-02-26 20:13:44,48.13,58.44,restaurant,web,Bhopal,50.0,0
1365,10277,2025-03-11 21:33:38,33.18,46.93,travel,pos,Ujjain,87.0,0
1366,10008,2025-02-16 23:37:40,28.72,32.79,fashion,mobile,Indore,11.0,0
1367,10150,2025-03-14 22:43:21,34.48,43.02,restaurant,mobile,Ujjain,63.0,0
1368,10226,2025-01-20 22:39:50,85.34,109.67,fashion,mobile,Delhi,4.0,0
1369,10481,2025-03-06 01:17:04,25.13,43.73,,mobile,Ujjain,,0
1370,10317,2025-01-05 03:01:26,38.83,42.99,fuel,mobile,Pune,26.0,0
1371,10440,2025-01-10 06:02:34,,46.78,,mobile,Ujjain,18.0,0
1372,10171,2025-03-19 19:47:48,111.52,117.54,grocery,pos,Bhopal,10.0,0
1373,10224,2025-02-12 18:02:54,33.27,45.08,restaurant,mobile,Delhi,33.0,0
1374,10210,2025-02-25 21:01:36,75.43,73.51,grocery,mobile,Dewas,115.0,0
1375,10443,2025-02-24 07:21:24,,98.88,,web,Indore,118.0,0
1376,10479,2025-03-04 12:54:05,38.81,44.29,restaurant,pos,,10.0,0
1377,10481,2025-01-23 02:25:21,35.27,35.48,grocery,mobile,Ujjain,117.0,0
1378,10375,2025-01-17 01:02:37,32.66,38.82,travel,web,Pune,70.0,0
1379,10251,2025-01-04 19:54:42,34.25,58.88,restaurant,pos,Indore,39.0,0
1380,10270,2025-03-19 19:53:55,70.47,77.95,fashion,mobile,Indore,113.0,0
1381,10490,2025-01-21 02:57:18,47.0,49.16,electronics,web,Delhi,29.0,0
1382,10142,2025-02-21 18:22:00,47.13,60.91,fashion,web,Dewas,22.0,0
1383,10173,2025-02-10 22:34:18,19.46,23.71,restaurant,mobile,Pune,28.0,0
1384,10448,2025-01-15 14:41:25,21.57,35.67,restaurant,pos,Ujjain,,0
1385,10193,2025-02-07 06:05:22,162.92,183.79,travel,mobile,Dewas,58.0,1
1386,10117,2025-01-08 11:42:58,36.03,38.37,restaurant,web,Indore,17.0,0
1387,10280,2025-01-16 21:36:02,24.44,13.1,restaurant,mobile,Dewas,27.0,0
1388,10162,2025-01-13 13:44:20,102.54,101.89,electronics,mobile,,45.0,0
1389,10445,2025-03-16 04:44:15,48.58,,fashion,web,Pune,78.0,0
1390,10454,2025-02-21 01:37:21,58.9,69.0,fashion,pos,Bhopal,103.0,0
1391,10153,2025-03-25 07:28:59,36.98,30.52,fuel,web,Ujjain,9.0,0
1392,10264,2025-02-09 05:43:44,32.88,46.87,restaurant,pos,Pune,76.0,0
1393,10491,2025-01-19 02:54:44,36.23,40.82,fuel,pos,Indore,13.0,0
1394,10371,2025-02-24 18:32:47,16.46,16.48,restaurant,web,Delhi,118.0,0
1395,10107,2025-03-25 15:52:38,38.2,36.03,restaurant,mobile,Dewas,33.0,0
1396,10295,2025-02-17 22:24:01,49.03,59.89,grocery,pos,Delhi,102.0,0
1397,10309,2025-01-02 14:34:46,134.67,,grocery,mobile,Ujjain,93.0,0
1398,10326,2025-01-28 07:49:36,42.77,40.02,electronics,mobile,,39.0,0
1399,10012,2025-03-25 05:55:08,8.87,19.44,fashion,web,Bhopal,39.0,0
1400,10149,2025-02-16 15:38:03,38.05,45.45,travel,web,Bhopal,38.0,0
1401,10427,2025-03-27 16:09:58,240.01,266.93,fashion,mobile,Bhopal,57.0,1
1402,10120,2025-02-15 20:01:30,71.03,84.69,travel,web,Ujjain,53.0,0
1403,10149,2025-01-02 02:01:55,23.88,26.82,electronics,web,Ujjain,79.0,0
1404,10161,2025-03-20 13:47:28,59.4,69.59,fashion,mobile,Indore,56.0,0
1405,10088,2025-03-10 16:07:18,,21.43,fuel,web,Bhopal,94.0,0
1406,10077,2025-03-06 08:56:09,,,,pos,Bhopal,56.0,0
1407,10173,2025-03-29 07:38:07,32.25,31.48,grocery,pos,Bhopal,37.0,0
1408,10437,2025-01-18 15:46:45,42.93,60.53,grocery,pos,Pune,39.0,0
1409,10000,2025-03-23 12:44:55,11.98,11.91,grocery,web,Indore,87.0,0
1410,10141,2025-01-21 22:28:00,19.16,27.92,electronics,mobile,Pune,17.0,0
1411,10030,2025-03-29 08:44:02,,51.48,restaurant,pos,Pune,35.0,0
1412,10280,2025-01-18 05:29:27,31.02,43.92,electronics,mobile,Indore,38.0,0
1413,10125,2025-02-19 12:41:55,52.28,51.83,grocery,mobile,Delhi,77.0,0
1414,10395,2025-03-13 00:58:59,,29.18,electronics,mobile,Ujjain,16.0,0
1415,10292,2025-01-08 00:49:02,64.34,86.83,travel,mobile,Indore,54.0,0
1416,10391,2025-01-07 00:05:00,18.74,18.92,fashion,web,Pune,81.0,0
1417,10317,2025-03-18 11:32:40,,132.06,travel,mobile,,111.0,0
1418,10219,2025-01-06 10:31:18,13.26,10.66,grocery,web,Ujjain,53.0,0
1419,10430,2025-02-25 05:52:08,19.88,19.49,fuel,pos,Indore,117.0,0
1420,10238,2025-03-26 10:33:18,53.05,73.11,fashion,mobile,Indore,73.0,0
1421,10474,2025-02-25 07:49:52,119.31,125.59,restaurant,web,Indore,93.0,0
1422,10497,2025-02-13 06:57:40,49.64,48.06,restaurant,mobile,Pune,29.0,0
1423,10294,2025-02-07 13:16:04,547.0317150978906,612.6755209096375,fashion,mobile,Indore,109.0,0
1424,10337,2025-02-27 10:26:00,40.91,50.82,restaurant,web,Delhi,31.0,0
1425,10127,2025-02-21 11:10:43,20.76,40.21,fashion,pos,Indore,17.0,0
1426,10407,2025-02-15 03:49:00,29.41,,grocery,mobile,Pune,10.0,0
1427,10335,2025-01-14 19:43:56,18.4,21.62,restaurant,mobile,Pune,78.0,0
1428,10451,2025-03-01 15:21:40,17.62,14.45,fashion,pos,Dewas,75.0,0
1429,10133,2025-03-08 13:54:11,52.52,59.97,fashion,mobile,Delhi,24.0,0
1430,10393,2025-03-05 19:07:35,19.49,7.64,fuel,mobile,,105.0,0
1431,10235,2025-01-07 18:02:14,49.78,61.23,restaurant,web,Delhi,33.0,0
1432,10092,2025-03-05 06:13:27,17.35,22.02,grocery,web,Ujjain,73.0,0
1433,10085,2025-03-07 16:19:35,49.04,,restaurant,mobile,,63.0,0
1434,10281,2025-01-17 12:10:33,29.44,29.85,,mobile,Pune,71.0,0
1435,10159,2025-03-18 09:47:36,100.92,105.87,restaurant,mobile,Delhi,89.0,0
1436,10050,2025-02-17 03:30:25,49.92,61.73,restaurant,mobile,Ujjain,111.0,0
1437,10213,2025-02-12 12:31:56,90.31,,electronics,mobile,Delhi,86.0,0
1438,10326,2025-03-07 01:06:32,24.75,,grocery,pos,Pune,108.0,0
1439,10159,2025-02-15 21:14:00,41.95,63.58,electronics,pos,Pune,104.0,0
1440,10477,2025-02-19 00:38:55,21.38,35.83,restaurant,mobile,Delhi,43.0,0
1441,10389,2025-01-29 02:22:58,638.3713845290571,714.975950672544,restaurant,pos,Delhi,67.0,0
1442,10256,2025-03-25 12:12:47,34.11,33.91,restaurant,pos,Delhi,24.0,0
1443,10467,2025-03-29 06:01:49,25.23,31.63,grocery,web,Delhi,111.0,0
1444,10216,2025-01-12 17:43:53,18.36,20.0,restaurant,mobile,Indore,116.0,0
1445,10069,2025-03-07 23:32:55,16.14,6.88,restaurant,web,Delhi,106.0,0
1446,10017,2025-01-03 02:24:09,8.84,12.98,grocery,mobile,Ujjain,89.0,0
1447,10469,2025-02-03 05:00:54,20.36,22.72,electronics,mobile,Dewas,102.0,0
1448,10479,2025-03-29 07:11:41,60.82,83.43,travel,mobile,Bhopal,95.0,0
1449,10369,2025-01-16 17:35:02,14.31,14.0,electronics,pos,Ujjain,28.0,0
1450,10051,2025-02-03 22:19:04,16.62,27.96,grocery,mobile,Ujjain,32.0,0
1451,10146,2025-01-20 18:17:30,129.55,134.96,grocery,mobile,Indore,64.0,0
1452,10020,2025-03-07 12:57:20,26.74,21.72,grocery,pos,,51.0,0
1453,10025,2025-02-11 18:04:19,49.83,61.58,grocery,pos,Bhopal,88.0,0
1454,10123,2025-02-23 09:08:01,61.41,77.45,electronics,pos,Bhopal,88.0,0
1455,10286,2025-03-26 19:56:51,62.22,,restaurant,web,,117.0,0
1456,10032,2025-02-16 21:28:15,15.04,17.04,fuel,web,Dewas,94.0,0
1457,10492,2025-03-08 01:45:21,34.81,,travel,web,Ujjain,2.0,0
1458,10227,2025-01-09 19:28:54,14.13,14.38,restaurant,mobile,Pune,41.0,0
1459,10131,2025-01-20 08:55:35,198.36,228.86,fuel,web,Indore,,1
1460,10258,2025-03-27 05:13:02,14.34,12.58,grocery,pos,Indore,76.0,0
1461,10395,2025-03-19 08:39:07,20.47,20.93,grocery,mobile,Ujjain,41.0,0
1462,10156,2025-03-01 02:25:14,20.57,14.0,grocery,mobile,Bhopal,117.0,0
1463,10023,2025-02-04 00:54:47,15.29,11.94,restaurant,web,Pune,35.0,0
1464,10025,2025-01-18 23:34:29,97.44,123.2,travel,mobile,Dewas,53.0,0
1465,10425,2025-03-18 15:43:11,195.31,219.33,travel,mobile,Bhopal,98.0,1
1466,10055,2025-03-12 16:15:32,29.69,25.23,fuel,mobile,,44.0,0
1467,10317,2025-01-22 18:04:16,17.15,,fashion,web,Ujjain,6.0,0
1468,10192,2025-02-23 02:02:11,9.45,-2.2,,pos,Pune,40.0,0
1469,10388,2025-02-25 16:18:24,34.51,30.54,fuel,web,Bhopal,43.0,0
1470,10030,2025-02-12 23:19:19,,47.76,fuel,web,Ujjain,73.0,0
1471,10448,2025-03-25 09:36:29,26.49,28.53,restaurant,pos,Ujjain,85.0,0
1472,10349,2025-01-12 04:03:27,46.71,67.44,restaurant,web,Indore,66.0,0
1473,10224,2025-01-24 05:03:03,52.29,57.8,restaurant,web,Delhi,49.0,0
1474,10103,2025-01-09 13:15:42,,55.6,grocery,mobile,Dewas,60.0,0
1475,10488,2025-03-04 08:43:17,32.93,42.01,travel,mobile,Dewas,18.0,0
1476,10151,2025-02-27 23:03:39,19.77,0.76,restaurant,web,Dewas,22.0,0
1477,10245,2025-03-30 20:35:42,62.35,71.47,travel,web,Indore,73.0,0
1478,10197,2025-02-18 19:23:57,40.78,45.28,,web,Pune,103.0,0
1479,10115,2025-01-14 13:17:32,72.06,92.6,electronics,mobile,Dewas,63.0,0
1480,10208,2025-02-10 13:54:15,67.6,83.43,fuel,web,Delhi,8.0,0
1481,10075,2025-01-08 22:56:56,16.05,8.91,fuel,pos,Indore,117.0,0
1482,10000,2025-03-02 09:10:11,15.92,27.77,travel,pos,Delhi,39.0,0
1483,10144,2025-03-02 16:15:41,24.75,25.62,restaurant,web,Delhi,90.0,0
1484,10056,2025-03-19 04:31:31,20.36,,grocery,mobile,,107.0,0
1485,10207,2025-01-31 13:49:46,66.08,75.59,fuel,web,Pune,118.0,0
1486,10431,2025-01-28 21:51:44,50.82,55.3,restaurant,web,Dewas,14.0,0
1487,10081,2025-01-07 09:53:17,82.64,104.86,fashion,web,Pune,23.0,0
1488,10000,2025-02-07 08:43:47,52.34,61.35,restaurant,pos,Delhi,77.0,0
1489,10055,2025-02-12 18:39:36,46.32,53.52,fashion,mobile,Ujjain,91.0,0
1490,10254,2025-03-09 21:41:00,88.22,106.01,fashion,mobile,Pune,100.0,0
1491,10137,2025-03-09 20:08:40,54.89,70.22,electronics,mobile,Delhi,66.0,0
1492,10244,2025-01-13 14:56:44,42.28,53.62,fashion,pos,,19.0,0
1493,10014,2025-01-26 15:51:51,105.88,129.94,fashion,mobile,Delhi,85.0,0
1494,10166,2025-02-16 00:46:46,43.59,53.69,electronics,web,Bhopal,80.0,0
1495,10205,2025-01-31 03:42:04,33.19,38.51,restaurant,pos,Pune,56.0,0
1496,10215,2025-01-03 07:10:52,,36.19,electronics,mobile,Ujjain,76.0,0
1497,10275,2025-03-18 02:42:38,63.88,70.82,restaurant,mobile,Ujjain,26.0,0
1498,10390,2025-03-07 19:32:57,,101.5,grocery,mobile,Bhopal,97.0,0
1499,10233,2025-02-16 19:21:19,39.14,57.61,restaurant,mobile,Bhopal,6.0,0
1500,10420,2025-01-29 13:46:41,94.65,118.98,travel,web,Dewas,100.0,0
1501,10264,2025-03-17 20:18:03,11.24,12.52,fuel,web,Ujjain,100.0,0
1502,10130,2025-01-04 04:12:26,39.02,40.07,grocery,mobile,Delhi,82.0,0
1503,10114,2025-02-10 04:12:04,39.41,55.84,restaurant,mobile,Indore,97.0,0
1504,10161,2025-03-14 02:04:30,25.22,,,pos,Ujjain,109.0,0
1505,10298,2025-03-27 18:25:34,190.47,215.85,restaurant,mobile,Dewas,20.0,1
1506,10121,2025-01-23 15:03:43,38.74,40.81,electronics,pos,Ujjain,65.0,0
1507,10457,2025-02-28 13:42:58,31.03,37.41,grocery,pos,Bhopal,77.0,0
1508,10239,2025-01-18 01:43:10,41.14,,travel,mobile,Dewas,113.0,0
1509,10431,2025-01-11 10:20:29,11.0,7.01,fashion,web,Ujjain,88.0,0
1510,10341,2025-02-01 18:31:42,24.68,,grocery,mobile,Pune,71.0,0
1511,10166,2025-03-21 15:48:03,76.64,87.96,restaurant,mobile,Pune,67.0,0
1512,10114,2025-03-04 01:16:02,26.87,,grocery,mobile,Pune,18.0,0
1513,10371,2025-02-14 00:48:46,23.6,33.66,restaurant,web,Bhopal,38.0,0
1514,10165,2025-01-26 10:53:16,94.75,116.43,grocery,mobile,Bhopal,52.0,0
1515,10123,2025-01-13 17:56:24,96.66,116.02,travel,mobile,Pune,105.0,0
1516,10465,2025-01-25 08:51:07,56.6,61.18,electronics,mobile,Delhi,103.0,0
1517,10241,2025-01-14 17:48:38,30.09,39.75,grocery,pos,Delhi,77.0,0
1518,10024,2025-01-17 20:06:18,34.62,39.4,electronics,mobile,Ujjain,13.0,0
1519,10247,2025-03-03 21:04:23,23.98,16.97,electronics,mobile,Pune,86.0,0
1520,10230,2025-01-12 22:37:43,21.19,29.11,fuel,mobile,Dewas,55.0,0
1521,10431,2025-01-05 06:19:28,20.51,24.14,fashion,mobile,Delhi,78.0,0
1522,10355,2025-02-18 19:27:18,27.07,51.07,fuel,web,Delhi,52.0,0
1523,10095,2025-01-26 19:02:33,20.64,,fashion,mobile,Indore,86.0,0
1524,10075,2025-02-10 22:12:23,14.64,22.09,,mobile,Indore,26.0,0
1525,10301,2025-01-13 13:56:28,46.65,54.24,grocery,mobile,Indore,18.0,0
1526,10023,2025-01-19 21:33:07,47.11,54.07,grocery,web,Dewas,27.0,0
1527,10159,2025-02-09 16:43:38,122.18,128.81,travel,pos,Pune,110.0,0
1528,10069,2025-03-04 02:26:55,26.2,15.43,electronics,pos,Indore,9.0,0
1529,10010,2025-02-07 07:00:14,49.03,47.93,fashion,mobile,Indore,35.0,0
1530,10459,2025-02-18 18:06:25,49.56,55.13,restaurant,mobile,,41.0,0
1531,10044,2025-02-16 23:15:11,34.3,21.57,fuel,mobile,Bhopal,100.0,0
1532,10004,2025-01-25 04:44:18,65.62,69.14,fuel,mobile,Indore,,0
1533,10466,2025-01-26 04:00:52,,,travel,mobile,Dewas,107.0,0
1534,10094,2025-02-08 07:33:50,50.04,54.32,restaurant,mobile,Pune,118.0,0
1535,10408,2025-01-03 21:12:50,34.26,33.08,grocery,pos,Ujjain,78.0,0
1536,10015,2025-03-03 16:27:11,32.06,33.18,grocery,mobile,Indore,41.0,0
1537,10076,2025-02-25 07:04:26,16.63,32.42,electronics,mobile,Ujjain,72.0,0
1538,10055,2025-01-28 13:14:50,23.95,32.12,grocery,mobile,Ujjain,,0
1539,10353,2025-02-03 15:13:51,27.0,25.76,restaurant,mobile,Bhopal,13.0,0
1540,10310,2025-01-30 13:59:37,19.48,21.27,grocery,mobile,Indore,100.0,0
1541,10237,2025-02-28 14:53:00,53.84,60.07,grocery,pos,Bhopal,52.0,0
1542,10120,2025-03-10 08:59:44,88.04,92.46,fashion,web,Indore,101.0,0
1543,10044,2025-01-10 18:43:14,22.42,18.96,fashion,web,Delhi,73.0,0
1544,10284,2025-02-07 04:46:07,48.63,62.55,fuel,web,Bhopal,103.0,0
1545,10115,2025-01-02 05:45:32,20.65,19.77,fuel,pos,Indore,10.0,0
1546,10295,2025-02-10 16:51:35,33.18,,restaurant,mobile,Indore,6.0,0
1547,10343,2025-01-23 08:18:56,25.82,28.57,grocery,mobile,Bhopal,14.0,0
1548,10424,2025-01-31 05:20:07,,67.93,travel,mobile,Dewas,105.0,0
1549,10246,2025-02-11 02:08:31,26.02,13.36,grocery,mobile,Ujjain,119.0,0
1550,10002,2025-01-30 03:14:36,78.07,87.11,travel,pos,Ujjain,119.0,0
1551,10140,2025-02-05 11:11:43,34.48,45.56,,pos,Dewas,40.0,0
1552,10426,2025-03-10 19:54:16,,33.31,restaurant,pos,Bhopal,32.0,0
1553,10266,2025-03-14 22:15:12,17.91,37.9,fashion,pos,Indore,42.0,0
1554,10309,2025-01-01 12:39:52,47.68,63.41,,web,Bhopal,,0
1555,10228,2025-02-04 00:07:45,72.38,92.66,restaurant,web,Ujjain,30.0,0
1556,10081,2025-03-18 05:16:27,48.31,,restaurant,mobile,Pune,66.0,0
1557,10448,2025-02-17 17:45:10,,200.21,restaurant,mobile,Delhi,77.0,1
1558,10386,2025-01-19 11:24:21,102.45,116.05,travel,web,Ujjain,44.0,0
1559,10497,2025-02-23 09:59:37,33.12,44.88,electronics,mobile,Ujjain,57.0,0
1560,10427,2025-01-14 01:02:47,32.89,32.36,fuel,web,Indore,80.0,0
1561,10145,2025-01-02 23:09:20,54.89,,electronics,web,,95.0,0
1562,10127,2025-02-26 22:02:21,23.46,21.09,fuel,mobile,Pune,23.0,0
1563,10124,2025-02-16 08:41:17,86.32,99.86,,pos,Ujjain,61.0,0
1564,10459,2025-03-10 02:02:35,51.16,52.08,fuel,mobile,Dewas,19.0,0
1565,10278,2025-02-01 00:50:07,47.78,48.02,,mobile,Ujjain,2.0,0
1566,10227,2025-03-18 21:15:06,63.21,74.1,electronics,pos,Pune,77.0,0
1567,10484,2025-02-07 21:57:54,123.95,137.72,fuel,pos,,58.0,0
1568,10301,2025-03-08 10:07:20,45.2,,,mobile,Indore,31.0,0
1569,10454,2025-01-10 00:37:14,37.58,,fashion,pos,Pune,7.0,0
1570,10492,2025-01-09 17:50:55,107.84,111.6,travel,web,Pune,113.0,0
1571,10039,2025-03-12 10:53:32,75.86,77.9,electronics,mobile,Bhopal,99.0,0
1572,10180,2025-03-17 01:24:35,32.83,40.08,grocery,web,Pune,112.0,0
1573,10367,2025-03-26 19:35:35,40.58,47.2,restaurant,mobile,Ujjain,14.0,0
1574,10406,2025-01-30 05:11:02,,59.95,,mobile,Ujjain,2.0,0
1575,10074,2025-01-03 00:06:02,51.17,63.33,travel,web,Dewas,26.0,0
1576,10159,2025-03-30 04:35:37,16.75,,grocery,mobile,Dewas,12.0,0
1577,10274,2025-02-24 02:57:54,14.84,21.49,restaurant,mobile,Bhopal,55.0,0
1578,10399,2025-01-23 05:46:57,22.72,,fashion,mobile,Delhi,77.0,0
1579,10056,2025-03-10 17:54:11,21.6,32.99,travel,web,Delhi,24.0,0
1580,10300,2025-03-23 08:24:54,26.62,37.17,grocery,web,Indore,48.0,0
1581,10148,2025-01-26 15:11:03,61.1,71.44,grocery,mobile,Pune,65.0,0
1582,10108,2025-03-11 06:29:02,36.24,50.76,grocery,pos,Indore,38.0,0
1583,10257,2025-03-12 21:07:12,45.95,32.7,restaurant,pos,,55.0,0
1584,10207,2025-02-15 03:38:15,18.25,18.12,fashion,mobile,Bhopal,71.0,0
1585,10317,2025-02-26 21:53:12,29.96,31.11,fashion,mobile,Bhopal,114.0,0
1586,10158,2025-01-25 06:09:46,59.25,75.58,restaurant,mobile,Indore,,0
1587,10411,2025-03-25 14:59:28,,79.26,grocery,pos,Bhopal,11.0,0
1588,10039,2025-03-30 11:30:15,25.26,16.69,fashion,web,Indore,104.0,0
1589,10430,2025-03-30 06:58:13,44.93,61.61,electronics,mobile,Pune,69.0,0
1590,10014,2025-03-08 08:11:24,168.89,179.79,electronics,mobile,Indore,57.0,0
1591,10367,2025-01-04 19:28:03,39.99,,restaurant,mobile,Bhopal,86.0,0
1592,10173,2025-02-02 23:32:35,25.78,27.0,grocery,web,Ujjain,117.0,0
1593,10191,2025-02-10 01:03:56,36.13,37.92,restaurant,web,Ujjain,,0
1594,10009,2025-03-28 09:15:34,42.94,35.63,fashion,mobile,Bhopal,,0
1595,10351,2025-02-19 05:29:37,,46.26,restaurant,mobile,Pune,76.0,0
1596,10082,2025-02-18 06:07:29,39.63,49.82,restaurant,mobile,,70.0,0
1597,10329,2025-01-14 04:57:55,15.83,26.16,travel,web,Pune,103.0,0
1598,10362,2025-03-13 10:26:10,21.63,20.76,grocery,pos,Delhi,37.0,0
1599,10422,2025-01-31 06:22:38,36.71,40.8,restaurant,mobile,Bhopal,94.0,0
1600,10354,2025-01-09 06:26:36,36.33,40.45,restaurant,pos,Pune,68.0,0
1601,10150,2025-03-30 21:19:06,27.99,44.85,fashion,web,Bhopal,112.0,0
1602,10369,2025-01-18 02:33:11,36.05,17.7,grocery,pos,Dewas,56.0,0
1603,10412,2025-01-02 11:03:28,42.08,39.47,electronics,pos,,86.0,0
1604,10158,2025-01-08 00:07:43,72.1,80.8,electronics,pos,Dewas,60.0,0
1605,10062,2025-02-10 17:25:01,37.92,33.79,restaurant,pos,Delhi,47.0,0
1606,10445,2025-01-10 06:16:20,52.43,56.66,restaurant,mobile,,45.0,0
1607,10073,2025-03-17 20:08:02,28.44,30.84,fashion,mobile,Bhopal,110.0,0
1608,10296,2025-02-16 02:53:15,58.67,60.45,electronics,mobile,Dewas,100.0,0
1609,10118,2025-01-30 03:37:36,51.64,58.35,fuel,mobile,Ujjain,27.0,0
1610,10063,2025-01-01 06:48:13,71.01,84.56,grocery,pos,Pune,104.0,0
1611,10388,2025-02-13 04:21:53,64.31,70.14,electronics,web,,70.0,0
1612,10071,2025-01-14 14:49:00,59.3,62.79,,mobile,Ujjain,13.0,0
1613,10335,2025-03-30 00:34:43,37.94,41.17,,pos,Ujjain,92.0,0
1614,10346,2025-01-27 04:45:03,,53.06,fuel,web,Delhi,20.0,0
1615,10030,2025-02-12 17:44:02,80.74,76.51,electronics,web,Indore,104.0,0
1616,10086,2025-01-02 16:13:18,26.47,33.34,,mobile,Indore,55.0,0
1617,10397,2025-01-12 18:47:24,26.88,,restaurant,pos,Delhi,110.0,0
1618,10253,2025-01-19 16:10:14,,61.06,grocery,pos,Ujjain,58.0,0
1619,10060,2025-01-05 15:43:06,52.98,64.07,electronics,web,Indore,11.0,0
1620,10495,2025-03-07 08:08:46,23.67,35.87,restaurant,mobile,Ujjain,,0
1621,10132,2025-03-27 02:05:59,38.53,35.07,restaurant,mobile,Bhopal,87.0,0
1622,10002,2025-03-30 16:22:03,38.05,39.64,restaurant,mobile,Indore,36.0,0
1623,10462,2025-01-24 22:08:53,9.58,0.79,grocery,mobile,Pune,25.0,0
1624,10008,2025-03-12 23:41:31,35.07,33.64,fuel,pos,Indore,103.0,0
1625,10276,2025-02-15 08:46:40,36.52,50.92,fashion,mobile,Bhopal,93.0,0
1626,10496,2025-01-05 03:03:06,36.45,,travel,web,,36.0,0
1627,10288,2025-01-09 03:54:56,101.53,104.53,travel,mobile,Ujjain,84.0,0
1628,10292,2025-02-19 07:13:08,18.35,16.89,fashion,mobile,Indore,29.0,0
1629,10194,2025-02-08 03:05:42,23.66,25.89,grocery,mobile,Pune,22.0,0
1630,10063,2025-01-01 18:06:15,7.4,12.97,restaurant,web,Pune,80.0,0
1631,10286,2025-03-25 17:01:40,29.59,19.06,fashion,web,Indore,100.0,0
1632,10448,2025-03-07 17:31:39,31.28,22.21,grocery,pos,Ujjain,110.0,0
1633,10045,2025-02-15 05:12:43,29.04,36.44,restaurant,web,Pune,55.0,0
1634,10440,2025-03-30 19:54:25,83.1,77.48,travel,mobile,Bhopal,18.0,0
1635,10207,2025-03-29 09:39:06,70.77,75.69,fashion,pos,Indore,65.0,0
1636,10268,2025-03-29 15:44:08,42.55,48.95,,web,,82.0,0
1637,10082,2025-01-24 07:05:05,31.79,38.93,fashion,web,Bhopal,116.0,0
1638,10310,2025-03-21 06:43:28,78.81,87.13,grocery,mobile,Dewas,14.0,0
1639,10091,2025-02-15 09:49:03,39.93,41.8,restaurant,mobile,Dewas,79.0,0
1640,10136,2025-03-07 08:14:21,23.76,,fashion,mobile,Indore,61.0,0
1641,10360,2025-03-19 08:35:11,13.26,17.13,restaurant,mobile,Bhopal,71.0,0
1642,10025,2025-01-15 16:47:07,30.36,28.83,restaurant,web,,12.0,0
1643,10223,2025-02-10 08:13:30,66.06,74.29,grocery,web,Dewas,2.0,0
1644,10297,2025-01-12 14:25:19,177.64,,fashion,web,Ujjain,73.0,1
1645,10066,2025-01-26 03:41:33,42.1,60.9,grocery,mobile,Ujjain,24.0,0
1646,10147,2025-02-07 05:11:46,24.59,33.83,electronics,mobile,Delhi,74.0,0
1647,10171,2025-03-18 23:49:36,18.72,30.68,fashion,pos,Dewas,4.0,0
1648,10331,2025-03-19 15:21:29,57.9,59.96,fashion,web,Bhopal,96.0,0
1649,10488,2025-02-05 02:09:40,12.85,10.2,fashion,mobile,Indore,40.0,0
1650,10418,2025-01-30 15:03:40,57.84,,fuel,mobile,Indore,54.0,0
1651,10094,2025-02-17 18:21:44,68.82,75.93,grocery,mobile,Delhi,41.0,0
1652,10009,2025-03-24 01:38:26,53.71,52.09,fuel,mobile,,50.0,0
1653,10025,2025-03-29 21:17:54,35.07,49.41,grocery,web,Dewas,64.0,0
1654,10297,2025-01-21 09:48:38,58.39,72.46,fashion,mobile,Indore,77.0,0
1655,10078,2025-01-17 18:48:14,,48.18,fuel,mobile,Bhopal,83.0,0
1656,10115,2025-03-05 14:37:59,24.39,32.45,travel,pos,Ujjain,118.0,0
1657,10423,2025-01-28 03:01:31,134.66,152.6,grocery,web,Indore,22.0,0
1658,10436,2025-01-18 23:29:11,32.18,41.8,travel,mobile,Indore,104.0,0
1659,10419,2025-01-03 19:06:37,66.97,64.25,fashion,mobile,Bhopal,72.0,0
1660,10126,2025-02-06 06:56:15,8.4,8.24,restaurant,mobile,Bhopal,37.0,0
1661,10309,2025-02-05 06:22:10,92.73,103.39,grocery,web,Dewas,110.0,0
1662,10305,2025-02-20 16:12:21,105.08,122.68,grocery,mobile,Delhi,85.0,0
1663,10092,2025-01-19 00:23:46,41.24,41.16,travel,mobile,,23.0,0
1664,10276,2025-03-06 07:01:50,58.16,45.14,grocery,mobile,Ujjain,21.0,0
1665,10262,2025-03-03 04:52:31,58.15,56.47,,mobile,,79.0,0
1666,10198,2025-02-11 14:40:24,26.63,29.34,restaurant,web,Ujjain,87.0,0
1667,10375,2025-01-17 07:39:15,57.72,65.16,grocery,web,Indore,6.0,0
1668,10338,2025-02-15 15:01:30,23.91,40.25,restaurant,pos,Pune,75.0,0
1669,10266,2025-03-02 17:35:43,27.23,35.16,electronics,mobile,Ujjain,64.0,0
1670,10362,2025-02-03 13:03:59,84.14,94.89,grocery,mobile,Indore,116.0,0
1671,10381,2025-01-24 17:06:24,76.21,85.1,fuel,mobile,Delhi,89.0,0
1672,10283,2025-02-15 14:03:10,25.56,37.46,grocery,mobile,Dewas,109.0,0
1673,10133,2025-02-01 23:16:13,25.11,23.4,travel,mobile,Indore,5.0,0
1674,10379,2025-02-06 01:06:28,26.59,28.66,,mobile,Pune,91.0,0
1675,10358,2025-02-01 09:32:20,65.12,,fashion,mobile,Ujjain,40.0,0
1676,10491,2025-01-28 07:29:03,21.12,35.01,electronics,web,,66.0,0
1677,10074,2025-03-06 12:11:01,51.0,60.26,restaurant,pos,Dewas,105.0,0
1678,10209,2025-02-11 10:07:22,65.72,67.95,grocery,pos,Delhi,104.0,0
1679,10462,2025-02-11 23:39:36,38.19,41.86,fuel,mobile,Delhi,27.0,0
1680,10257,2025-02-28 18:39:55,,91.43,electronics,pos,Delhi,29.0,0
1681,10471,2025-02-02 12:24:20,33.19,35.17,fuel,pos,Indore,87.0,0
1682,10006,2025-01-10 02:14:00,35.2,35.15,grocery,mobile,Pune,105.0,0
1683,10017,2025-03-18 17:39:54,21.43,18.77,fashion,mobile,Indore,73.0,0
1684,10398,2025-01-06 00:19:21,78.35,90.46,fashion,mobile,Ujjain,7.0,0
1685,10179,2025-02-21 11:24:48,24.58,24.67,electronics,web,Bhopal,20.0,0
1686,10260,2025-01-24 22:10:28,50.77,53.23,restaurant,web,,90.0,0
1687,10214,2025-01-20 05:52:28,38.62,,grocery,mobile,Dewas,89.0,0
1688,10203,2025-01-04 18:37:33,20.4,23.47,restaurant,pos,Indore,107.0,0
1689,10469,2025-03-23 00:11:49,27.22,29.04,electronics,mobile,Bhopal,64.0,0
1690,10047,2025-02-08 15:04:59,99.37,,grocery,pos,Bhopal,51.0,0
1691,10386,2025-01-31 20:07:28,46.11,53.23,restaurant,mobile,Dewas,14.0,0
1692,10444,2025-03-08 17:03:12,20.99,29.49,travel,mobile,Dewas,94.0,0
1693,10328,2025-01-04 12:11:43,49.33,60.86,fuel,web,Delhi,113.0,0
1694,10197,2025-02-20 19:25:46,36.78,,fuel,mobile,Indore,6.0,0
1695,10080,2025-02-14 12:20:11,381.89,425.79,grocery,web,Pune,59.0,1
1696,10341,2025-02-19 19:25:31,48.68,49.99,grocery,web,Bhopal,43.0,0
1697,10234,2025-01-12 03:42:22,31.58,,restaurant,web,Bhopal,89.0,0
1698,10074,2025-03-27 17:29:04,101.8,109.27,restaurant,web,Dewas,91.0,0
1699,10179,2025-01-22 11:05:15,12.22,13.84,grocery,web,Indore,26.0,0
1700,10480,2025-03-03 01:27:10,43.0,41.87,travel,mobile,Delhi,114.0,0
1701,10132,2025-03-09 05:45:34,147.88,166.39,restaurant,mobile,Ujjain,17.0,0
1702,10089,2025-01-31 23:00:17,37.5,34.28,restaurant,web,Pune,93.0,0
1703,10340,2025-01-12 18:25:26,13.11,1.4,restaurant,pos,Indore,89.0,0
1704,10099,2025-01-27 16:48:26,31.27,41.58,travel,mobile,Pune,20.0,0
1705,10459,2025-03-14 14:59:58,,112.81,fuel,pos,Bhopal,81.0,0
1706,10429,2025-03-23 14:01:46,51.65,51.15,fuel,mobile,Dewas,33.0,0
1707,10491,2025-03-26 07:43:11,23.45,17.51,electronics,web,Pune,33.0,0
1708,10456,2025-01-21 08:49:55,25.91,32.4,grocery,pos,Indore,11.0,0
1709,10121,2025-02-24 14:06:33,28.11,,grocery,pos,Bhopal,89.0,0
1710,10106,2025-01-14 14:14:14,51.15,54.06,restaurant,mobile,Pune,97.0,0
1711,10171,2025-03-05 22:22:33,,106.39,grocery,mobile,Indore,61.0,0
1712,10234,2025-02-07 10:16:26,80.16,98.35,restaurant,mobile,Indore,93.0,0
1713,10439,2025-03-06 05:20:49,54.4,46.44,fuel,mobile,Dewas,42.0,0
1714,10366,2025-03-03 15:52:24,17.02,34.8,travel,pos,Indore,68.0,0
1715,10322,2025-03-31 08:27:54,17.06,38.66,restaurant,mobile,Pune,94.0,0
1716,10439,2025-02-13 23:28:10,57.2,42.41,restaurant,web,Pune,52.0,0
1717,10322,2025-01-31 17:43:21,16.87,18.11,,web,Ujjain,74.0,0
1718,10189,2025-02-17 09:47:30,34.93,33.37,restaurant,web,Ujjain,18.0,0
1719,10206,2025-01-15 15:46:12,49.29,53.09,fuel,web,Delhi,61.0,0
1720,10258,2025-01-11 01:24:08,19.31,18.28,electronics,mobile,Dewas,102.0,0
1721,10044,2025-02-16 17:24:04,20.78,29.77,restaurant,pos,Delhi,92.0,0
1722,10370,2025-03-16 06:52:39,38.05,41.72,restaurant,web,Pune,36.0,0
1723,10326,2025-02-17 23:49:10,56.11,55.56,electronics,mobile,Bhopal,65.0,0
1724,10365,2025-03-12 08:57:18,80.64,88.94,fashion,web,Ujjain,74.0,0
1725,10266,2025-01-17 00:17:27,60.01,71.33,restaurant,mobile,Dewas,112.0,0
1726,10391,2025-02-10 10:41:02,42.43,38.05,restaurant,mobile,Dewas,99.0,0
1727,10474,2025-02-25 04:18:58,24.9,14.72,grocery,mobile,Bhopal,98.0,0
1728,10284,2025-02-01 06:58:46,20.16,,electronics,pos,Ujjain,90.0,0
1729,10222,2025-01-02 06:30:33,29.02,27.36,travel,pos,Ujjain,43.0,0
1730,10052,2025-01-07 14:38:49,52.8,,restaurant,pos,Dewas,45.0,0
1731,10389,2025-03-25 11:45:49,50.34,53.2,fuel,pos,Bhopal,56.0,0
1732,10451,2025-02-24 11:05:45,10.33,15.95,restaurant,mobile,Bhopal,51.0,0
1733,10349,2025-01-24 19:28:49,24.27,41.36,electronics,mobile,Indore,114.0,0
1734,10432,2025-01-24 07:02:56,88.49,103.75,restaurant,mobile,Pune,105.0,0
1735,10430,2025-01-04 13:27:00,42.58,35.54,restaurant,pos,Delhi,107.0,0
1736,10399,2025-03-27 00:43:08,16.1,6.96,,web,Pune,,0
1737,10251,2025-01-10 17:49:07,187.03,206.28,,web,Delhi,23.0,1
1738,10049,2025-03-10 08:25:36,39.69,42.31,fashion,web,Dewas,18.0,0
1739,10001,2025-01-22 14:56:15,51.93,44.39,grocery,mobile,,33.0,0
1740,10102,2025-01-31 04:57:10,52.44,65.29,restaurant,mobile,Dewas,78.0,0
1741,10215,2025-01-25 15:38:14,31.85,26.98,fashion,web,Dewas,44.0,0
1742,10371,2025-03-16 04:57:56,25.21,40.18,fuel,mobile,Pune,78.0,0
1743,10227,2025-01-03 22:52:10,160.63,194.47,grocery,mobile,Ujjain,105.0,0
1744,10011,2025-02-01 16:56:39,,84.97,fashion,pos,Indore,40.0,0
1745,10105,2025-01-26 03:24:23,69.01,80.8,grocery,web,Indore,111.0,0
1746,10489,2025-01-25 13:35:02,58.83,56.03,electronics,web,Ujjain,61.0,0
1747,10494,2025-01-18 08:45:14,21.07,28.59,grocery,mobile,Dewas,96.0,0
1748,10188,2025-03-24 02:53:05,92.8,,travel,mobile,Indore,8.0,0
1749,10402,2025-02-04 01:49:16,23.38,17.49,travel,pos,Indore,33.0,0
1750,10359,2025-02-07 15:19:25,48.62,52.14,fuel,mobile,Bhopal,111.0,0
1751,10465,2025-02-04 15:57:44,13.93,11.88,fashion,pos,,106.0,0
1752,10443,2025-03-30 05:16:10,10.73,9.42,fuel,mobile,Bhopal,68.0,0
1753,10314,2025-01-31 12:15:24,49.74,63.31,fuel,mobile,Ujjain,4.0,0
1754,10197,2025-01-31 18:02:37,,20.49,fashion,pos,Ujjain,8.0,0
1755,10313,2025-01-30 12:18:56,11.1,26.31,restaurant,web,Delhi,51.0,0
1756,10159,2025-01-30 10:14:54,57.48,53.78,grocery,pos,Bhopal,107.0,0
1757,10174,2025-01-09 01:49:10,160.46,192.64,grocery,web,Bhopal,45.0,1
1758,10304,2025-02-24 09:14:08,99.8,103.64,restaurant,mobile,Delhi,106.0,0
1759,10285,2025-01-03 06:26:33,34.22,38.32,restaurant,web,Bhopal,64.0,0
1760,10290,2025-01-21 08:03:22,40.68,41.64,,mobile,Bhopal,17.0,0
1761,10192,2025-01-19 04:34:00,72.02,77.91,grocery,pos,Delhi,67.0,0
1762,10204,2025-01-27 05:36:58,83.88,100.36,restaurant,web,Ujjain,44.0,0
1763,10005,2025-03-10 02:21:45,32.35,,,web,Dewas,27.0,0
1764,10300,2025-02-23 22:54:48,,55.85,fuel,mobile,Dewas,81.0,0
1765,10287,2025-03-31 04:08:56,49.18,51.84,fashion,web,Ujjain,25.0,0
1766,10467,2025-02-01 14:35:25,57.98,66.41,restaurant,mobile,Indore,108.0,0
1767,10252,2025-03-25 13:36:59,37.1,35.3,restaurant,pos,Pune,96.0,0
1768,10233,2025-01-05 01:00:45,37.41,33.97,restaurant,web,Ujjain,94.0,0
1769,10033,2025-02-15 09:06:49,99.18,101.91,restaurant,mobile,Bhopal,10.0,0
1770,10098,2025-03-13 21:30:45,88.78,95.93,fuel,mobile,Dewas,115.0,0
1771,10169,2025-02-17 20:44:22,55.16,63.78,travel,web,Indore,59.0,0
1772,10188,2025-03-25 23:57:00,123.65,123.19,restaurant,web,Indore,88.0,0
1773,10181,2025-01-29 07:29:46,31.46,34.86,restaurant,mobile,Bhopal,23.0,0
1774,10197,2025-01-03 23:59:55,116.16,142.23,fuel,mobile,Pune,92.0,0
1775,10384,2025-03-11 15:42:33,,73.43,grocery,pos,Dewas,39.0,0
1776,10065,2025-01-07 02:53:19,339.06,375.07,restaurant,mobile,Dewas,85.0,1
1777,10166,2025-03-10 19:52:28,18.63,,restaurant,mobile,Dewas,33.0,0
1778,10081,2025-03-08 00:10:52,25.84,32.62,electronics,pos,Pune,111.0,0
1779,10153,2025-03-17 23:37:41,53.1,40.93,electronics,pos,Pune,85.0,0
1780,10342,2025-02-13 02:28:49,52.36,67.52,grocery,pos,Indore,54.0,0
1781,10023,2025-03-22 14:17:23,143.68,159.21,fashion,web,Dewas,55.0,0
1782,10169,2025-01-16 06:50:11,26.19,43.98,fashion,pos,,1.0,0
1783,10011,2025-02-09 02:11:39,72.84,67.77,,pos,Ujjain,36.0,0
1784,10477,2025-01-11 23:09:44,86.11,103.79,,pos,Pune,94.0,0
1785,10363,2025-03-11 00:27:04,63.94,,restaurant,mobile,Ujjain,99.0,0
1786,10121,2025-03-06 06:49:41,21.66,21.61,fuel,pos,Pune,119.0,0
1787,10099,2025-03-14 13:49:16,100.99,102.15,fashion,mobile,Indore,11.0,0
1788,10049,2025-03-10 18:58:52,89.93,105.49,,mobile,Dewas,30.0,0
1789,10236,2025-01-28 18:16:22,,72.3,grocery,mobile,Delhi,92.0,0
1790,10376,2025-01-07 03:01:24,46.19,66.01,fuel,mobile,Dewas,44.0,0
1791,10292,2025-03-25 15:09:47,46.85,60.54,grocery,pos,,30.0,0
1792,10440,2025-02-14 08:29:14,38.43,38.29,restaurant,web,Indore,34.0,0
1793,10171,2025-01-09 11:46:39,61.34,60.67,restaurant,mobile,Dewas,110.0,0
1794,10139,2025-03-25 10:27:33,,35.27,grocery,mobile,Pune,103.0,0
1795,10239,2025-03-31 11:37:17,23.3,37.88,travel,mobile,Dewas,1.0,0
1796,10101,2025-02-10 02:16:30,20.46,16.69,restaurant,mobile,Indore,101.0,0
1797,10487,2025-03-11 07:23:45,24.81,39.63,restaurant,pos,Delhi,67.0,0
1798,10092,2025-01-04 06:24:13,46.73,56.54,fuel,pos,Bhopal,101.0,0
1799,10239,2025-01-09 09:27:54,39.74,47.15,grocery,mobile,Indore,75.0,0
1800,10261,2025-01-25 21:22:58,46.52,49.65,fuel,web,Bhopal,82.0,0
1801,10028,2025-03-01 01:27:21,56.01,68.02,travel,mobile,Ujjain,69.0,0
1802,10234,2025-01-13 00:11:35,26.9,30.0,restaurant,pos,Pune,88.0,0
1803,10227,2025-01-04 01:49:39,104.87,114.5,fuel,mobile,Pune,97.0,0
1804,10129,2025-03-02 04:32:42,33.99,43.64,electronics,pos,Indore,61.0,0
1805,10063,2025-03-11 07:36:13,30.52,33.03,restaurant,pos,,14.0,0
1806,10022,2025-03-08 12:41:58,55.34,55.59,fuel,mobile,Indore,12.0,0
1807,10004,2025-03-13 22:19:17,12.26,18.53,grocery,mobile,Bhopal,50.0,0
1808,10240,2025-03-14 06:09:30,24.2,26.59,fuel,mobile,Indore,57.0,0
1809,10044,2025-02-24 05:12:22,76.53,89.62,fashion,mobile,Delhi,103.0,0
1810,10479,2025-02-16 17:55:58,13.07,11.01,restaurant,web,Indore,4.0,0
1811,10122,2025-03-19 02:49:06,83.63,83.99,electronics,web,Pune,106.0,0
1812,10326,2025-02-01 07:44:15,108.01,134.85,restaurant,web,Ujjain,7.0,0
1813,10336,2025-01-09 19:25:40,31.81,48.0,electronics,mobile,Ujjain,,0
1814,10247,2025-03-09 16:14:23,48.9,61.84,fuel,web,Pune,51.0,0
1815,10441,2025-01-25 19:59:43,83.71,90.65,fuel,mobile,Pune,67.0,0
1816,10055,2025-03-30 02:19:27,29.86,31.04,grocery,mobile,Indore,6.0,0
1817,10117,2025-02-07 06:37:24,71.1,90.69,electronics,mobile,Indore,91.0,0
1818,10126,2025-03-18 15:52:22,26.15,,fashion,pos,Pune,16.0,0
1819,10067,2025-01-04 19:42:33,29.65,,electronics,mobile,Pune,93.0,0
1820,10147,2025-03-01 07:56:18,24.06,,restaurant,web,Bhopal,68.0,0
1821,10156,2025-02-10 08:08:48,50.54,56.22,restaurant,pos,Indore,106.0,0
1822,10382,2025-02-11 15:13:14,85.86,110.31,fuel,pos,Indore,117.0,0
1823,10150,2025-01-24 20:51:39,35.89,29.01,grocery,mobile,Ujjain,101.0,0
1824,10438,2025-03-29 09:46:41,17.7,23.97,grocery,pos,Delhi,,0
1825,10386,2025-02-05 08:18:27,20.01,38.98,grocery,web,Indore,50.0,0
1826,10450,2025-03-18 13:02:10,52.27,58.78,fuel,pos,Dewas,79.0,0
1827,10052,2025-02-08 06:13:18,134.11,148.09,fashion,web,Delhi,78.0,0
1828,10492,2025-01-05 08:16:33,52.24,49.17,,mobile,Indore,95.0,0
1829,10306,2025-03-21 03:31:45,31.45,43.88,grocery,web,Pune,58.0,0
1830,10491,2025-01-17 15:50:12,66.55,68.37,,pos,Pune,56.0,0
1831,10177,2025-01-25 07:56:11,34.62,38.02,grocery,web,Ujjain,15.0,0
1832,10476,2025-03-19 11:59:27,31.63,25.55,fashion,web,Indore,21.0,0
1833,10294,2025-03-22 10:29:06,21.69,36.75,grocery,web,Ujjain,98.0,0
1834,10035,2025-03-24 12:11:22,101.04,122.4,grocery,mobile,Ujjain,118.0,0
1835,10205,2025-02-08 08:05:50,7.76,8.44,restaurant,web,,72.0,0
1836,10068,2025-03-10 03:03:39,67.94,66.86,fuel,mobile,Pune,41.0,0
1837,10470,2025-01-30 12:03:52,29.92,,grocery,mobile,Indore,7.0,0
1838,10152,2025-03-08 15:14:39,30.98,31.77,,pos,Ujjain,6.0,0
1839,10111,2025-02-15 05:25:33,121.51,127.25,grocery,web,Delhi,81.0,0
1840,10276,2025-01-05 16:13:54,25.43,14.38,grocery,pos,Indore,77.0,0
1841,10212,2025-02-07 14:19:31,26.0,23.95,grocery,mobile,Indore,34.0,0
1842,10048,2025-02-12 02:17:20,37.16,29.98,electronics,web,Ujjain,23.0,0
1843,10408,2025-01-24 03:55:27,52.93,54.3,fashion,web,Pune,9.0,0
1844,10422,2025-02-03 16:51:15,30.35,,fuel,web,Pune,82.0,0
1845,10371,2025-02-15 05:47:14,14.54,13.28,restaurant,mobile,Pune,73.0,0
1846,10308,2025-01-05 11:21:22,23.04,28.65,electronics,web,Pune,40.0,0
1847,10201,2025-01-14 15:53:30,93.02,98.4,restaurant,pos,Indore,88.0,0
1848,10271,2025-03-11 00:15:05,42.46,48.08,fashion,mobile,Bhopal,101.0,0
1849,10260,2025-02-01 16:10:07,,76.1,electronics,web,Dewas,62.0,0
1850,10082,2025-02-24 18:06:41,,35.44,fashion,mobile,Indore,,0
1851,10040,2025-02-20 22:06:24,26.35,32.59,restaurant,web,Pune,1.0,0
1852,10126,2025-02-19 14:37:53,120.35,,restaurant,web,Dewas,95.0,0
1853,10227,2025-02-07 04:57:42,35.79,52.25,electronics,mobile,Pune,69.0,0
1854,10080,2025-02-13 11:57:37,30.32,30.14,restaurant,web,Ujjain,42.0,0
1855,10053,2025-03-16 03:39:02,82.47,,fuel,web,Delhi,1.0,0
1856,10425,2025-03-28 20:30:27,25.29,27.34,fashion,pos,Indore,97.0,0
1857,10187,2025-01-24 02:31:08,27.48,35.67,fashion,mobile,Indore,111.0,0
1858,10292,2025-03-02 06:03:51,40.72,50.97,travel,pos,,58.0,0
1859,10262,2025-03-29 06:42:23,40.45,41.68,fashion,web,Indore,32.0,0
1860,10367,2025-01-01 16:22:55,459.6311588101792,514.7868978674007,fashion,pos,Ujjain,74.0,0
1861,10369,2025-03-12 14:59:58,157.53,170.36,restaurant,mobile,Delhi,104.0,1
1862,10148,2025-02-14 17:07:59,50.33,62.59,grocery,web,Bhopal,70.0,0
1863,10423,2025-03-29 02:00:03,8.62,6.53,grocery,pos,Bhopal,2.0,0
1864,10185,2025-02-22 01:03:28,50.0,58.8,grocery,web,Ujjain,24.0,0
1865,10417,2025-03-17 10:22:29,41.46,42.74,grocery,mobile,Delhi,12.0,0
1866,10202,2025-01-15 22:35:29,,47.0,fashion,pos,Pune,49.0,0
1867,10055,2025-01-13 18:56:40,47.46,44.56,grocery,mobile,Delhi,54.0,0
1868,10380,2025-03-25 09:24:45,39.7,46.44,restaurant,mobile,Bhopal,64.0,0
1869,10015,2025-02-17 09:09:13,39.09,,restaurant,mobile,Bhopal,91.0,0
1870,10386,2025-02-20 06:01:11,60.25,63.16,,web,Indore,14.0,0
1871,10021,2025-01-16 07:09:12,28.44,31.41,grocery,pos,Indore,113.0,0
1872,10103,2025-01-21 09:44:14,21.85,,,web,Ujjain,32.0,0
1873,10301,2025-03-15 15:22:15,288.72,318.44,,web,Bhopal,63.0,1
1874,10470,2025-01-28 07:11:27,25.4,27.42,fuel,web,Pune,26.0,0
1875,10204,2025-02-22 13:47:24,43.17,40.31,,pos,Pune,43.0,0
1876,10060,2025-01-29 11:42:46,15.3,35.9,restaurant,pos,Indore,100.0,0
1877,10116,2025-01-24 17:03:01,43.63,57.34,grocery,mobile,Ujjain,6.0,0
1878,10448,2025-01-15 22:36:15,435.5909839805153,487.8619020581772,restaurant,pos,,58.0,0
1879,10363,2025-03-25 15:56:01,30.34,43.36,travel,web,Indore,70.0,0
1880,10050,2025-03-26 14:32:05,79.78,73.52,,pos,Bhopal,68.0,0
1881,10192,2025-01-11 08:48:06,54.97,,restaurant,web,Pune,46.0,0
1882,10132,2025-02-01 19:01:16,58.53,62.36,grocery,mobile,Ujjain,45.0,0
1883,10088,2025-02-20 17:56:34,12.79,3.3,fashion,web,Delhi,109.0,0
1884,10423,2025-02-04 11:53:53,,147.6,fashion,pos,Bhopal,29.0,0
1885,10308,2025-03-06 21:26:51,18.64,22.52,electronics,pos,Dewas,58.0,0
1886,10089,2025-01-24 10:05:48,109.24,129.71,electronics,mobile,Pune,44.0,0
1887,10325,2025-01-06 07:06:46,78.57,78.89,grocery,web,Delhi,92.0,0
1888,10206,2025-01-31 07:46:45,58.87,69.13,fashion,web,Delhi,96.0,0
1889,10030,2025-02-23 19:22:08,23.2,26.1,restaurant,mobile,Bhopal,101.0,0
1890,10224,2025-01-17 06:10:49,44.64,,grocery,mobile,Indore,11.0,0
1891,10092,2025-03-15 10:20:47,29.78,29.2,fuel,web,Pune,12.0,0
1892,10122,2025-01-02 02:27:26,41.22,57.23,grocery,mobile,Pune,45.0,0
1893,10439,2025-01-07 01:51:32,34.38,,fuel,mobile,Pune,53.0,0
1894,10355,2025-02-15 19:05:10,10.75,26.23,,pos,Bhopal,8.0,0
1895,10067,2025-02-16 02:26:41,83.86,87.6,grocery,mobile,Ujjain,107.0,0
1896,10425,2025-01-27 12:57:01,38.37,48.92,restaurant,mobile,,107.0,0
1897,10287,2025-01-24 06:29:00,,,electronics,mobile,Bhopal,51.0,0
1898,10437,2025-01-07 06:47:38,28.1,28.85,fuel,web,Bhopal,92.0,0
1899,10373,2025-03-01 15:55:00,51.06,62.25,restaurant,mobile,Ujjain,68.0,0
1900,10169,2025-02-04 02:41:48,22.63,22.95,,pos,Pune,79.0,0
1901,10267,2025-01-11 16:20:35,9.34,-10.83,fuel,web,Dewas,104.0,0
1902,10265,2025-02-05 23:39:07,52.7,34.52,fashion,mobile,Ujjain,11.0,0
1903,10359,2025-03-26 08:01:51,56.68,73.66,electronics,pos,Dewas,28.0,0
1904,10124,2025-01-24 12:16:18,35.53,49.64,fashion,mobile,Delhi,51.0,0
1905,10166,2025-03-22 12:36:49,19.18,36.58,grocery,mobile,Dewas,107.0,0
1906,10122,2025-01-24 06:53:07,42.85,47.85,restaurant,mobile,Pune,71.0,0
1907,10148,2025-01-17 17:42:17,15.61,7.14,grocery,mobile,Pune,48.0,0
1908,10080,2025-01-24 10:59:15,,19.87,fashion,web,Bhopal,4.0,0
1909,10018,2025-01-30 02:15:15,24.83,27.9,fashion,pos,Bhopal,71.0,0
1910,10470,2025-01-11 20:30:56,70.0,70.34,travel,pos,Ujjain,33.0,0
1911,10037,2025-02-22 21:17:29,31.95,,fuel,web,Delhi,40.0,0
1912,10443,2025-01-31 00:14:54,30.23,51.77,restaurant,web,Pune,119.0,0
1913,10001,2025-03-06 15:00:52,144.11,165.23,electronics,mobile,Dewas,63.0,0
1914,10388,2025-02-14 04:32:15,50.86,56.88,restaurant,mobile,Ujjain,17.0,0
1915,10164,2025-02-09 20:08:13,50.42,46.11,restaurant,mobile,Dewas,6.0,0
1916,10258,2025-02-12 09:20:54,31.81,48.0,fuel,mobile,Delhi,47.0,0
1917,10141,2025-01-15 01:35:21,27.45,31.35,grocery,mobile,Indore,8.0,0
1918,10245,2025-03-06 03:49:18,9.77,8.63,,mobile,Dewas,52.0,0
1919,10225,2025-01-10 08:58:02,75.92,88.88,grocery,web,Dewas,50.0,0
1920,10264,2025-03-06 22:30:08,54.13,55.94,restaurant,web,Dewas,105.0,0
1921,10196,2025-03-31 23:29:35,36.0,41.5,grocery,mobile,Dewas,40.0,0
1922,10268,2025-03-10 18:14:09,37.0,29.9,,pos,Pune,33.0,0
1923,10412,2025-02-10 23:33:38,65.27,81.8,grocery,mobile,Indore,74.0,0
1924,10217,2025-01-29 07:16:02,14.72,15.65,electronics,mobile,Dewas,77.0,0
1925,10180,2025-03-20 12:40:06,27.57,40.15,,pos,Delhi,5.0,0
1926,10065,2025-01-24 03:31:58,19.33,20.04,,mobile,,10.0,0
1927,10179,2025-02-13 09:55:55,127.93,142.19,restaurant,mobile,Bhopal,20.0,0
1928,10062,2025-03-11 09:05:10,71.46,70.34,restaurant,web,Pune,93.0,0
1929,10091,2025-03-25 00:17:32,9.66,16.9,grocery,mobile,Ujjain,25.0,0
1930,10476,2025-03-24 21:15:54,15.12,9.93,grocery,mobile,Bhopal,119.0,0
1931,10044,2025-01-08 21:33:36,37.11,37.67,restaurant,pos,Delhi,53.0,0
1932,10241,2025-03-22 20:14:55,29.75,33.33,restaurant,mobile,Bhopal,112.0,0
1933,10417,2025-01-11 06:16:53,17.1,20.12,fuel,mobile,Bhopal,30.0,0
1934,10476,2025-02-22 14:28:06,143.18,146.71,grocery,web,Dewas,51.0,0
1935,10073,2025-03-25 16:00:19,49.56,53.66,restaurant,pos,Dewas,17.0,0
1936,10081,2025-02-28 22:22:53,55.07,68.04,grocery,web,Pune,101.0,0
1937,10186,2025-03-27 06:35:05,25.8,,restaurant,mobile,Dewas,72.0,0
1938,10277,2025-01-31 23:45:41,64.68,70.64,grocery,mobile,Ujjain,10.0,0
1939,10479,2025-01-29 07:47:22,31.59,36.68,restaurant,web,Indore,89.0,0
1940,10103,2025-01-30 08:37:32,33.64,36.67,travel,mobile,Pune,106.0,0
1941,10082,2025-02-01 23:09:22,,59.15,restaurant,web,Bhopal,82.0,0
1942,10126,2025-03-03 10:51:39,14.03,15.42,grocery,mobile,,97.0,0
1943,10437,2025-02-10 17:17:33,114.21,135.87,fuel,pos,Ujjain,33.0,0
1944,10015,2025-03-08 08:50:52,45.54,42.6,grocery,mobile,Indore,52.0,0
1945,10190,2025-02-07 10:54:33,93.0,101.16,restaurant,pos,Ujjain,102.0,0
1946,10059,2025-01-28 16:41:11,20.11,11.47,grocery,web,Delhi,73.0,0
1947,10078,2025-01-18 02:29:51,22.2,32.4,grocery,mobile,Dewas,73.0,0
1948,10458,2025-02-19 14:17:03,19.01,,restaurant,pos,Dewas,92.0,0
1949,10000,2025-03-22 20:29:26,47.59,46.5,grocery,pos,Indore,74.0,0
1950,10160,2025-03-19 07:22:02,42.22,48.02,grocery,mobile,,16.0,0
1951,10457,2025-01-23 19:08:39,29.91,23.87,restaurant,mobile,Pune,26.0,0
1952,10304,2025-02-12 23:41:23,20.92,15.16,restaurant,pos,Pune,93.0,0
1953,10035,2025-03-05 11:23:18,,8.21,fashion,pos,Bhopal,29.0,0
1954,10232,2025-02-25 02:50:10,,35.36,electronics,mobile,,80.0,0
1955,10485,2025-01-07 01:03:22,29.89,44.34,fuel,web,Ujjain,57.0,0
1956,10200,2025-02-23 04:41:09,25.9,23.14,restaurant,web,Pune,74.0,0
1957,10264,2025-01-04 11:42:10,110.57,,grocery,mobile,Pune,29.0,0
1958,10265,2025-01-11 11:38:16,38.34,36.25,restaurant,mobile,Ujjain,37.0,0
1959,10330,2025-02-28 20:03:28,92.34,109.5,grocery,web,Bhopal,82.0,0
1960,10093,2025-01-10 05:30:08,28.6,,fashion,web,Ujjain,21.0,0
1961,10419,2025-01-31 12:16:27,47.42,53.42,restaurant,mobile,Dewas,37.0,0
1962,10494,2025-02-22 23:00:03,39.01,44.11,fuel,mobile,Ujjain,119.0,0
1963,10071,2025-02-28 23:47:32,13.42,33.65,fuel,mobile,Delhi,19.0,0
1964,10409,2025-02-10 02:46:42,102.35,119.68,grocery,mobile,Pune,69.0,0
1965,10408,2025-01-09 11:05:08,37.05,36.75,electronics,web,Pune,19.0,0
1966,10370,2025-03-13 22:03:56,,79.06,restaurant,pos,Ujjain,85.0,0
1967,10185,2025-03-27 11:40:44,24.81,,fuel,mobile,Indore,16.0,0
1968,10234,2025-03-21 23:38:05,36.34,27.66,fuel,web,Delhi,69.0,0
1969,10419,2025-03-09 08:47:28,23.02,19.04,grocery,mobile,Indore,53.0,0
1970,10076,2025-02-06 04:47:36,90.32,99.26,restaurant,mobile,Bhopal,83.0,0
1971,10414,2025-03-20 20:44:14,49.52,,travel,mobile,Pune,1.0,0
1972,10460,2025-02-13 22:27:28,51.35,54.85,,mobile,Bhopal,62.0,0
1973,10340,2025-01-13 06:46:35,97.79,99.09,fashion,mobile,Indore,65.0,0
1974,10170,2025-03-18 13:10:57,85.77,107.29,fuel,mobile,Pune,29.0,0
1975,10279,2025-01-29 19:32:51,66.52,63.12,fuel,web,Delhi,36.0,0
1976,10025,2025-03-26 11:35:44,16.05,16.37,fashion,mobile,Ujjain,85.0,0
1977,10465,2025-02-03 03:37:24,25.73,37.18,electronics,web,Dewas,66.0,0
1978,10171,2025-03-20 05:53:34,21.06,23.35,fashion,mobile,Dewas,69.0,0
1979,10028,2025-02-18 08:17:34,64.9,64.85,restaurant,mobile,Dewas,112.0,0
1980,10397,2025-02-12 01:34:20,45.19,39.82,restaurant,mobile,Pune,49.0,0
1981,10328,2025-01-27 17:14:09,16.38,16.51,grocery,web,Delhi,104.0,0
1982,10311,2025-03-17 05:07:05,35.78,34.02,grocery,mobile,Ujjain,116.0,0
1983,10027,2025-01-06 10:57:44,15.31,18.79,travel,mobile,Pune,69.0,0
1984,10375,2025-02-12 04:45:57,39.07,32.55,grocery,mobile,Pune,26.0,0
1985,10318,2025-02-03 04:46:38,13.79,21.95,grocery,mobile,Indore,50.0,0
1986,10396,2025-02-18 21:43:32,57.04,64.81,restaurant,web,Ujjain,6.0,0
1987,10413,2025-01-23 21:49:35,51.71,59.43,restaurant,mobile,,84.0,0
1988,10105,2025-03-01 19:31:07,139.79,168.09,grocery,mobile,Pune,33.0,0
1989,10105,2025-02-04 17:35:23,70.18,75.1,restaurant,mobile,Delhi,110.0,0
1990,10461,2025-01-17 22:21:46,30.73,28.61,fashion,web,Dewas,78.0,0
1991,10265,2025-01-18 17:25:57,68.84,72.72,restaurant,pos,Ujjain,59.0,0
1992,10218,2025-03-04 16:27:05,16.31,16.73,restaurant,pos,Indore,23.0,0
1993,10143,2025-01-24 13:41:46,21.64,23.51,restaurant,pos,Pune,12.0,0
1994,10319,2025-01-28 15:39:59,50.23,49.61,grocery,web,Dewas,81.0,0
1995,10376,2025-02-26 10:13:01,9.95,-5.04,electronics,mobile,,92.0,0
1996,10001,2025-01-30 16:19:59,39.48,39.73,fashion,web,Pune,32.0,0
1997,10276,2025-02-04 22:24:44,20.84,26.22,restaurant,pos,Indore,2.0,0
1998,10496,2025-01-23 00:04:25,43.2,49.47,restaurant,mobile,Ujjain,39.0,0
1999,10140,2025-02-01 02:01:41,20.07,32.07,fashion,web,Pune,91.0,0
2000,10140,2025-03-04 08:24:13,53.29,75.33,grocery,mobile,Ujjain,70.0,0
2001,10439,2025-02-18 01:14:10,40.96,51.95,electronics,pos,Pune,11.0,0
2002,10031,2025-03-31 18:40:22,100.51,123.63,restaurant,pos,Pune,14.0,0
2003,10198,2025-03-11 11:13:07,40.62,51.63,grocery,mobile,Indore,13.0,0
2004,10229,2025-01-02 12:21:25,24.54,,fuel,mobile,Bhopal,91.0,0
2005,10398,2025-02-04 02:21:17,34.45,53.39,restaurant,pos,Delhi,94.0,0
2006,10064,2025-01-27 02:04:39,16.88,26.51,restaurant,pos,Bhopal,49.0,0
2007,10217,2025-02-22 21:02:31,,64.64,electronics,pos,Ujjain,83.0,0
2008,10076,2025-01-24 21:49:11,59.35,64.83,restaurant,mobile,Indore,3.0,0
2009,10393,2025-03-28 22:59:51,201.34,225.17,grocery,mobile,Indore,67.0,0
2010,10316,2025-01-27 22:39:07,,27.54,fashion,pos,Ujjain,33.0,0
2011,10248,2025-02-16 23:28:37,33.99,43.04,grocery,web,Ujjain,98.0,0
2012,10196,2025-01-12 01:29:19,27.82,25.4,fashion,mobile,Ujjain,59.0,0
2013,10076,2025-03-23 21:09:45,46.43,50.47,fuel,web,Pune,102.0,0
2014,10460,2025-03-24 01:35:47,51.84,39.22,travel,mobile,Dewas,67.0,0
2015,10323,2025-03-13 10:19:58,39.07,,fuel,pos,Indore,55.0,0
2016,10159,2025-02-01 15:31:03,81.95,90.02,grocery,web,Indore,113.0,0
2017,10206,2025-01-06 06:49:56,27.08,33.97,travel,mobile,Indore,119.0,0
2018,10363,2025-03-05 23:41:11,76.79,97.67,restaurant,web,Ujjain,55.0,0
2019,10359,2025-02-08 14:51:12,57.4,66.69,restaurant,pos,Delhi,43.0,0
2020,10230,2025-03-31 03:12:37,40.13,56.5,grocery,pos,Indore,77.0,0
2021,10151,2025-03-04 20:22:03,32.96,26.98,,mobile,Bhopal,21.0,0
2022,10329,2025-02-18 11:26:58,,238.53,fashion,mobile,Bhopal,46.0,1
2023,10329,2025-03-30 19:17:51,592.7165967337269,663.8425883417742,restaurant,web,Indore,101.0,0
2024,10299,2025-03-14 01:00:57,49.09,56.65,travel,pos,Indore,107.0,0
2025,10036,2025-02-11 06:05:34,24.84,39.22,grocery,mobile,Ujjain,50.0,0
2026,10236,2025-01-02 16:43:32,129.11,,fashion,web,Indore,47.0,0
2027,10306,2025-01-09 08:24:59,71.98,78.31,,pos,Delhi,105.0,0
2028,10475,2025-02-09 22:25:48,26.03,40.71,electronics,web,Pune,25.0,0
2029,10262,2025-02-20 13:56:23,,48.28,restaurant,mobile,Dewas,,0
2030,10171,2025-01-03 17:07:41,47.82,58.04,electronics,web,Delhi,9.0,0
2031,10277,2025-01-12 09:22:40,28.91,36.64,restaurant,mobile,Delhi,14.0,0
2032,10088,2025-03-05 09:16:39,66.21,89.91,grocery,web,Pune,105.0,0
2033,10045,2025-03-09 15:16:56,52.09,45.68,restaurant,web,Indore,5.0,0
2034,10339,2025-01-03 16:23:33,46.53,64.99,fashion,mobile,Pune,40.0,0
2035,10493,2025-02-15 16:34:56,39.36,39.61,fashion,pos,Bhopal,72.0,0
2036,10423,2025-01-08 06:54:17,53.53,56.38,fashion,web,Dewas,73.0,0
2037,10291,2025-03-07 02:36:42,46.95,42.81,fashion,mobile,Delhi,99.0,0
2038,10020,2025-03-17 01:35:54,42.03,38.37,electronics,mobile,Bhopal,,0
2039,10493,2025-03-20 05:49:17,,33.09,fashion,pos,Ujjain,48.0,0
2040,10224,2025-02-23 20:03:27,121.63,127.33,fashion,web,Indore,28.0,0
2041,10144,2025-02-26 14:31:39,20.43,28.8,fuel,mobile,Ujjain,11.0,0
2042,10446,2025-03-25 09:26:11,53.41,54.52,travel,pos,,107.0,0
2043,10373,2025-02-25 02:52:08,32.85,27.09,,mobile,Bhopal,45.0,0
2044,10374,2025-02-10 03:57:09,126.94,137.95,restaurant,mobile,Delhi,107.0,0
2045,10138,2025-03-09 21:52:18,22.48,27.87,,pos,Bhopal,42.0,0
2046,10495,2025-02-23 04:12:45,25.08,25.87,travel,mobile,Dewas,90.0,0
2047,10226,2025-03-17 19:42:10,21.53,24.39,travel,mobile,Ujjain,77.0,0
2048,10265,2025-02-17 05:21:11,49.91,,fuel,mobile,Dewas,85.0,0
2049,10375,2025-03-20 05:09:22,16.57,27.22,grocery,pos,Pune,78.0,0
2050,10329,2025-01-05 00:54:23,29.64,30.72,fashion,pos,Ujjain,37.0,0
2051,10086,2025-01-04 06:41:21,,2.82,,mobile,Bhopal,13.0,0
2052,10151,2025-01-09 21:55:24,47.29,53.57,,mobile,Pune,2.0,0
2053,10180,2025-02-20 01:22:15,29.22,36.49,grocery,mobile,Dewas,51.0,0
2054,10473,2025-03-05 19:23:16,15.38,5.54,fashion,web,Bhopal,107.0,0
2055,10357,2025-01-20 11:08:30,81.91,84.61,fashion,web,Indore,77.0,0
2056,10183,2025-01-15 00:24:54,17.29,13.61,grocery,web,Pune,81.0,0
2057,10367,2025-03-19 10:20:49,67.9,,grocery,web,Dewas,31.0,0
2058,10369,2025-03-09 13:09:53,25.64,22.63,travel,mobile,Indore,58.0,0
2059,10197,2025-02-28 08:32:20,114.55,,grocery,web,Dewas,49.0,0
2060,10201,2025-02-13 22:52:27,65.84,60.9,restaurant,web,Pune,17.0,0
2061,10447,2025-02-07 19:40:49,21.01,10.89,grocery,mobile,Pune,74.0,0
2062,10280,2025-01-02 20:20:24,22.28,22.28,fuel,web,Ujjain,44.0,0
2063,10074,2025-01-17 22:18:18,59.95,65.74,travel,web,Bhopal,48.0,0
2064,10359,2025-03-22 17:30:15,34.11,26.57,travel,web,Pune,72.0,0
2065,10294,2025-01-31 12:17:27,407.4942226462589,456.39352936381,travel,web,Delhi,4.0,0
2066,10254,2025-03-05 09:48:43,92.48,100.37,grocery,mobile,Dewas,112.0,0
2067,10362,2025-03-05 08:09:35,24.86,24.7,grocery,pos,Ujjain,27.0,0
2068,10453,2025-01-28 20:21:06,42.92,49.29,grocery,pos,Delhi,81.0,0
2069,10165,2025-01-19 09:24:59,75.23,78.96,grocery,pos,Dewas,93.0,0
2070,10209,2025-03-04 06:00:00,68.44,88.48,,mobile,Dewas,,0
2071,10094,2025-01-09 10:08:20,36.46,44.74,electronics,pos,Pune,30.0,0
2072,10323,2025-02-14 12:49:03,33.52,31.09,electronics,mobile,Bhopal,50.0,0
2073,10201,2025-03-21 22:08:31,13.06,,grocery,mobile,Dewas,98.0,0
2074,10171,2025-03-06 00:28:16,20.36,23.8,,mobile,Indore,76.0,0
2075,10348,2025-03-10 18:41:39,49.75,65.44,,mobile,Delhi,56.0,0
2076,10204,2025-01-08 11:51:28,,36.61,restaurant,mobile,Dewas,102.0,0
2077,10232,2025-01-18 23:33:25,42.47,53.71,restaurant,web,Pune,,0
2078,10220,2025-01-25 18:12:43,79.48,89.35,restaurant,pos,,106.0,0
2079,10129,2025-01-27 07:23:34,18.69,32.87,travel,web,Pune,92.0,0
2080,10062,2025-01-18 11:12:57,,49.18,fashion,mobile,Dewas,21.0,0
2081,10413,2025-03-29 11:40:17,45.73,52.79,restaurant,pos,Ujjain,46.0,0
2082,10045,2025-01-15 20:18:06,25.59,26.56,grocery,mobile,Indore,3.0,0
2083,10162,2025-03-05 17:40:42,102.56,118.92,fuel,web,Ujjain,29.0,0
2084,10333,2025-02-22 19:23:00,73.01,80.33,electronics,mobile,Ujjain,3.0,0
2085,10065,2025-02-24 22:43:39,,68.14,,mobile,Dewas,13.0,0
2086,10327,2025-01-20 07:39:01,,146.04,restaurant,pos,Pune,1.0,0
2087,10366,2025-01-28 16:28:39,15.27,13.86,grocery,mobile,Pune,80.0,0
2088,10331,2025-02-24 14:02:11,40.24,41.39,restaurant,mobile,Delhi,49.0,0
2089,10152,2025-01-27 22:06:37,51.32,47.77,fashion,mobile,Bhopal,56.0,0
2090,10009,2025-03-04 11:17:12,22.32,29.45,fuel,mobile,Dewas,91.0,0
2091,10443,2025-01-04 13:22:15,49.18,48.52,travel,mobile,Ujjain,97.0,0
2092,10163,2025-01-07 13:17:32,19.7,30.85,restaurant,web,Ujjain,64.0,0
2093,10402,2025-03-07 13:31:14,63.36,60.62,restaurant,web,Dewas,55.0,0
2094,10098,2025-02-25 12:11:59,,91.12,grocery,web,Delhi,78.0,0
2095,10081,2025-01-04 21:15:30,48.28,63.28,electronics,mobile,Indore,,0
2096,10389,2025-03-22 21:55:29,12.13,,restaurant,pos,Indore,53.0,0
2097,10469,2025-01-01 10:29:30,,40.32,fashion,mobile,Ujjain,36.0,0
2098,10430,2025-03-27 23:59:36,58.39,61.99,electronics,mobile,Ujjain,23.0,0
2099,10375,2025-03-07 15:42:33,41.01,47.06,travel,pos,Indore,24.0,0
2100,10123,2025-03-30 22:22:56,7.02,12.43,fashion,web,Indore,78.0,0
2101,10456,2025-03-27 09:34:02,90.73,,grocery,web,Indore,99.0,0
2102,10333,2025-01-29 04:21:05,44.2,51.7,grocery,pos,Bhopal,51.0,0
2103,10086,2025-03-10 02:02:47,23.75,34.58,fuel,pos,Delhi,12.0,0
2104,10064,2025-01-19 23:34:15,77.22,90.64,grocery,mobile,Indore,73.0,0
2105,10435,2025-02-12 10:44:34,26.04,43.25,grocery,web,Ujjain,108.0,0
2106,10137,2025-01-22 14:38:00,25.86,33.14,restaurant,pos,Pune,63.0,0
2107,10382,2025-02-13 17:51:27,51.06,72.9,restaurant,pos,,4.0,0
2108,10069,2025-03-20 12:15:26,128.72,151.38,fuel,mobile,Pune,10.0,0
2109,10140,2025-02-09 06:03:16,116.2,115.7,travel,web,Dewas,63.0,0
2110,10141,2025-01-09 07:34:15,51.1,78.12,fuel,mobile,Delhi,103.0,0
2111,10140,2025-01-30 05:13:49,54.63,56.59,restaurant,pos,Ujjain,,0
2112,10337,2025-03-12 18:53:22,67.66,87.74,restaurant,pos,Ujjain,90.0,0
2113,10457,2025-02-16 22:54:09,17.87,20.23,restaurant,mobile,Bhopal,93.0,0
2114,10455,2025-02-20 10:00:13,61.48,77.35,restaurant,mobile,Indore,7.0,0
2115,10370,2025-02-08 19:17:09,25.1,22.6,fashion,mobile,Ujjain,26.0,0
2116,10101,2025-01-27 08:24:08,49.75,60.73,restaurant,mobile,Pune,1.0,0
2117,10480,2025-02-23 20:02:33,34.89,37.05,grocery,mobile,Indore,68.0,0
2118,10271,2025-02-26 23:28:16,56.02,75.37,fashion,web,Dewas,21.0,0
2119,10272,2025-03-22 19:56:21,43.67,52.42,fashion,web,Delhi,110.0,0
2120,10350,2025-02-25 14:24:28,5.49,13.64,electronics,pos,Indore,11.0,0
2121,10384,2025-03-31 13:13:13,45.43,33.57,grocery,web,Indore,78.0,0
2122,10476,2025-03-16 09:24:22,61.4,68.08,restaurant,web,Dewas,,0
2123,10291,2025-01-08 02:05:07,54.05,63.82,travel,pos,Ujjain,22.0,0
2124,10305,2025-02-05 07:05:27,37.84,44.17,restaurant,mobile,Pune,31.0,0
2125,10372,2025-02-04 14:54:58,117.61,139.41,fuel,web,Ujjain,95.0,0
2126,10127,2025-01-01 06:31:29,49.52,52.54,grocery,mobile,Indore,12.0,0
2127,10153,2025-01-17 06:19:31,53.76,60.6,grocery,pos,Ujjain,53.0,0
2128,10312,2025-03-10 14:19:34,79.75,98.77,fashion,mobile,Ujjain,,0
2129,10032,2025-02-01 16:34:48,51.2,39.11,grocery,mobile,Indore,2.0,0
2130,10160,2025-01-14 07:25:03,22.56,29.98,restaurant,mobile,Dewas,54.0,0
2131,10358,2025-01-26 20:56:30,8.29,6.61,electronics,web,Bhopal,58.0,0
2132,10488,2025-01-25 17:21:30,29.66,25.92,travel,mobile,Dewas,42.0,0
2133,10259,2025-01-16 17:00:00,66.33,76.98,fuel,web,Ujjain,97.0,0
2134,10199,2025-01-10 02:34:28,32.15,45.83,electronics,mobile,Indore,12.0,0
2135,10220,2025-03-10 18:24:15,68.09,84.57,restaurant,web,Indore,52.0,0
2136,10342,2025-03-16 04:58:09,44.55,48.82,restaurant,web,Indore,22.0,0
2137,10272,2025-02-14 15:59:01,93.43,111.65,grocery,web,Pune,91.0,0
2138,10011,2025-02-25 09:24:08,33.39,44.34,travel,pos,Ujjain,67.0,0
2139,10269,2025-03-24 17:34:13,54.81,60.69,restaurant,web,Ujjain,84.0,0
2140,10200,2025-03-17 20:09:09,56.19,57.39,restaurant,web,Dewas,13.0,0
2141,10350,2025-01-03 22:23:58,107.34,115.14,fuel,web,Indore,55.0,0
2142,10437,2025-03-27 18:23:01,13.34,21.64,restaurant,mobile,Dewas,7.0,0
2143,10481,2025-01-07 00:40:21,30.03,33.3,grocery,mobile,Dewas,39.0,0
2144,10305,2025-01-03 09:23:45,70.21,70.27,grocery,pos,Delhi,113.0,0
2145,10181,2025-02-06 07:04:15,,110.26,restaurant,mobile,Indore,87.0,0
2146,10221,2025-03-09 03:02:32,47.28,59.61,restaurant,mobile,Indore,10.0,0
2147,10088,2025-01-08 05:23:56,33.44,33.08,restaurant,mobile,Delhi,,0
2148,10467,2025-01-27 08:51:23,66.16,76.74,grocery,web,Bhopal,104.0,0
2149,10423,2025-01-24 15:29:45,71.14,89.59,fuel,pos,Indore,21.0,0
2150,10426,2025-02-05 18:20:37,32.02,25.39,restaurant,pos,Dewas,91.0,0
2151,10164,2025-03-30 17:49:27,50.13,55.78,grocery,web,Bhopal,39.0,0
2152,10161,2025-01-30 19:51:18,87.12,96.21,fuel,mobile,Pune,57.0,0
2153,10428,2025-01-19 19:21:09,138.21,157.83,restaurant,web,Pune,105.0,0
2154,10272,2025-01-12 00:11:58,65.54,83.32,grocery,mobile,Dewas,,0
2155,10352,2025-01-18 19:56:03,41.62,35.98,travel,pos,Indore,34.0,0
2156,10244,2025-01-12 23:34:43,39.05,48.29,grocery,pos,Delhi,2.0,0
2157,10221,2025-02-21 15:03:49,58.11,73.34,fashion,mobile,Ujjain,28.0,0
2158,10316,2025-02-07 20:17:37,37.52,40.53,grocery,mobile,Pune,50.0,0
2159,10406,2025-02-14 19:40:34,45.75,50.14,grocery,mobile,Dewas,,0
2160,10167,2025-03-16 21:26:12,20.34,26.13,grocery,web,Bhopal,105.0,0
2161,10404,2025-02-22 05:44:48,93.98,108.02,grocery,mobile,Pune,7.0,0
2162,10122,2025-01-14 23:09:58,19.28,26.25,grocery,mobile,Dewas,65.0,0
2163,10201,2025-02-03 21:44:53,30.54,38.7,restaurant,pos,Bhopal,117.0,0
2164,10456,2025-01-29 03:10:20,43.1,40.42,grocery,pos,Ujjain,40.0,0
2165,10477,2025-03-16 09:48:24,147.55,173.18,electronics,web,Dewas,64.0,0
2166,10461,2025-01-28 15:10:16,30.73,43.75,grocery,web,Ujjain,9.0,0
2167,10158,2025-01-13 11:20:02,26.23,,travel,web,Indore,87.0,0
2168,10421,2025-03-08 05:46:20,28.27,19.71,grocery,web,Indore,117.0,0
2169,10468,2025-02-08 13:19:41,,132.25,restaurant,mobile,Dewas,92.0,0
2170,10489,2025-01-09 15:03:48,6.5,8.84,restaurant,pos,Pune,18.0,0
2171,10010,2025-03-04 01:53:08,21.08,14.45,restaurant,mobile,Ujjain,42.0,0
2172,10372,2025-01-19 22:42:17,238.73,264.5,grocery,mobile,Ujjain,87.0,1
2173,10498,2025-03-20 03:23:26,59.39,55.24,fashion,mobile,Dewas,96.0,0
2174,10382,2025-03-16 22:06:50,19.71,26.93,restaurant,mobile,Indore,49.0,0
2175,10116,2025-02-03 06:16:28,39.36,45.41,grocery,pos,Indore,115.0,0
2176,10381,2025-02-20 00:05:10,42.26,34.16,travel,mobile,Dewas,25.0,0
2177,10052,2025-02-21 02:19:49,70.1,81.32,restaurant,mobile,Dewas,89.0,0
2178,10240,2025-02-28 19:24:08,133.71,149.3,electronics,pos,Indore,60.0,0
2179,10313,2025-01-07 05:20:32,52.07,,travel,mobile,Ujjain,85.0,0
2180,10228,2025-01-30 05:40:16,28.48,28.77,,web,Ujjain,71.0,0
2181,10349,2025-01-16 07:53:21,67.46,69.14,grocery,mobile,Delhi,52.0,0
2182,10120,2025-03-04 18:35:32,25.69,22.61,fashion,mobile,Dewas,98.0,0
2183,10303,2025-01-07 05:20:18,20.66,18.83,grocery,mobile,Delhi,101.0,0
2184,10322,2025-02-16 12:38:00,12.88,,grocery,pos,Indore,98.0,0
2185,10316,2025-03-07 12:13:21,14.62,17.56,grocery,mobile,Pune,11.0,0
2186,10144,2025-03-27 08:29:43,,23.78,travel,mobile,Ujjain,51.0,0
2187,10152,2025-01-26 22:12:34,18.81,17.68,fashion,pos,Pune,90.0,0
2188,10128,2025-01-01 17:13:18,49.58,52.72,restaurant,mobile,Pune,104.0,0
2189,10230,2025-03-07 03:17:23,18.55,40.84,fashion,mobile,Bhopal,44.0,0
2190,10292,2025-01-01 03:20:26,5.24,-0.3,fuel,web,Delhi,89.0,0
2191,10181,2025-01-06 23:25:13,20.52,18.52,travel,mobile,Delhi,68.0,0
2192,10204,2025-03-31 03:27:59,29.76,59.68,travel,mobile,Delhi,27.0,0
2193,10143,2025-03-19 15:06:11,27.29,,grocery,web,Indore,107.0,0
2194,10109,2025-03-05 16:17:08,,110.59,fashion,mobile,Indore,53.0,0
2195,10328,2025-03-17 04:44:42,27.15,37.15,fuel,web,Pune,72.0,0
2196,10408,2025-01-07 18:45:32,71.71,73.03,travel,web,Delhi,35.0,0
2197,10145,2025-01-09 00:05:09,39.95,,fuel,mobile,Dewas,4.0,0
2198,10430,2025-01-28 01:47:26,39.35,42.38,restaurant,web,Ujjain,54.0,0
2199,10285,2025-01-03 03:18:50,23.5,,grocery,mobile,Bhopal,86.0,0
2200,10083,2025-03-21 22:45:20,38.93,56.47,restaurant,mobile,Bhopal,39.0,0
2201,10182,2025-01-06 01:35:01,24.6,32.08,,mobile,Bhopal,111.0,0
2202,10003,2025-02-18 23:07:35,,58.37,restaurant,web,Dewas,90.0,0
2203,10019,2025-03-18 19:50:28,34.69,42.33,grocery,mobile,Delhi,77.0,0
2204,10168,2025-03-08 03:34:14,21.89,20.96,grocery,web,,96.0,0
2205,10227,2025-01-22 02:57:34,77.07,91.21,fuel,mobile,Pune,,0
2206,10398,2025-02-12 07:55:12,53.38,69.46,fashion,mobile,Indore,86.0,0
2207,10067,2025-02-19 08:16:13,30.23,34.94,fashion,mobile,Delhi,99.0,0
2208,10419,2025-03-11 02:42:48,44.46,64.21,restaurant,mobile,Delhi,85.0,0
2209,10117,2025-02-08 08:41:14,38.3,49.7,grocery,pos,Dewas,103.0,0
2210,10069,2025-01-26 15:40:41,23.01,27.47,grocery,web,Bhopal,13.0,0
2211,10349,2025-03-13 14:20:06,42.34,49.43,restaurant,pos,Bhopal,41.0,0
2212,10387,2025-03-21 18:47:42,27.01,31.35,grocery,pos,Bhopal,106.0,0
2213,10302,2025-02-14 00:01:13,21.88,14.5,fuel,mobile,Pune,57.0,0
2214,10057,2025-01-03 12:31:29,14.09,15.06,restaurant,web,Indore,2.0,0
2215,10057,2025-02-15 01:25:38,32.04,37.65,travel,web,Dewas,,0
2216,10195,2025-03-22 00:52:10,58.47,62.16,travel,pos,Pune,79.0,0
2217,10225,2025-03-31 00:26:18,25.75,31.54,grocery,web,Dewas,109.0,0
2218,10499,2025-02-06 02:14:10,208.19,233.34,electronics,pos,Dewas,2.0,0
2219,10143,2025-01-14 12:16:47,71.93,86.75,restaurant,mobile,Dewas,18.0,0
2220,10096,2025-02-21 11:52:18,94.43,111.07,electronics,mobile,Dewas,61.0,0
2221,10472,2025-03-16 18:19:13,67.82,77.3,grocery,mobile,Dewas,22.0,0
2222,10076,2025-03-27 01:12:38,134.88,140.13,grocery,web,,62.0,0
2223,10013,2025-01-05 15:46:46,24.25,41.49,grocery,mobile,Delhi,42.0,0
2224,10211,2025-01-27 03:35:11,7.66,7.44,restaurant,pos,Pune,26.0,0
2225,10200,2025-02-12 23:43:16,,33.26,restaurant,web,Dewas,92.0,0
2226,10309,2025-01-09 20:13:47,58.14,62.38,fuel,pos,Delhi,5.0,0
2227,10438,2025-03-21 18:28:59,44.63,46.08,,pos,Pune,105.0,0
2228,10466,2025-01-11 02:17:14,48.38,66.54,grocery,web,Ujjain,19.0,0
2229,10144,2025-03-01 20:51:43,95.45,117.99,fuel,mobile,Pune,70.0,0
2230,10490,2025-03-24 16:14:22,51.85,61.63,grocery,web,Delhi,118.0,0
2231,10316,2025-03-03 16:03:48,67.99,75.29,fashion,mobile,Bhopal,14.0,0
2232,10034,2025-03-10 16:31:36,21.96,29.55,grocery,pos,Delhi,111.0,0
2233,10469,2025-01-24 16:45:55,19.85,22.82,travel,pos,Ujjain,37.0,0
2234,10068,2025-03-16 11:20:04,115.49,127.83,grocery,pos,Delhi,89.0,0
2235,10294,2025-02-07 16:07:17,43.19,51.08,restaurant,web,Dewas,102.0,0
2236,10395,2025-01-06 12:27:14,26.97,26.68,grocery,mobile,Pune,28.0,0
2237,10124,2025-02-02 23:48:54,27.01,32.27,fashion,web,Dewas,42.0,0
2238,10135,2025-02-01 11:39:18,26.52,31.34,grocery,pos,Dewas,103.0,0
2239,10238,2025-02-16 22:19:02,25.51,33.39,restaurant,web,Dewas,13.0,0
2240,10442,2025-01-24 20:01:37,17.57,14.73,restaurant,web,Dewas,13.0,0
2241,10111,2025-02-11 14:24:44,15.25,,grocery,web,Pune,36.0,0
2242,10331,2025-02-08 12:24:51,35.63,32.66,grocery,web,Delhi,72.0,0
2243,10226,2025-01-30 10:06:01,27.51,26.23,electronics,web,Indore,96.0,0
2244,10055,2025-03-04 15:51:16,,88.81,restaurant,web,Dewas,67.0,0
2245,10355,2025-01-28 11:50:17,48.94,46.24,fashion,pos,Ujjain,59.0,0
2246,10416,2025-03-10 22:05:13,48.06,61.95,grocery,pos,Indore,104.0,0
2247,10287,2025-01-23 13:50:32,24.95,20.19,electronics,web,Pune,21.0,0
2248,10088,2025-03-19 20:07:53,37.39,36.29,grocery,pos,Pune,108.0,0
2249,10077,2025-02-02 20:30:07,,67.32,grocery,mobile,Pune,38.0,0
2250,10211,2025-01-04 15:54:16,64.43,67.6,restaurant,pos,Bhopal,33.0,0
2251,10253,2025-01-14 11:52:24,,41.11,electronics,mobile,Bhopal,114.0,0
2252,10276,2025-03-14 13:30:56,81.57,83.26,grocery,mobile,Delhi,,0
2253,10121,2025-03-20 11:44:43,40.66,52.2,fashion,mobile,Ujjain,52.0,0
2254,10250,2025-01-20 01:52:35,67.72,82.62,restaurant,web,,40.0,0
2255,10147,2025-02-24 04:34:40,29.42,38.86,restaurant,mobile,Bhopal,53.0,0
2256,10343,2025-02-21 16:35:19,12.45,18.24,grocery,pos,Dewas,95.0,0
2257,10398,2025-01-13 00:58:43,48.16,54.53,fashion,pos,Bhopal,19.0,0
2258,10326,2025-02-10 16:18:35,64.81,68.39,fuel,mobile,Ujjain,21.0,0
2259,10000,2025-03-04 10:44:10,58.79,59.33,fuel,mobile,Dewas,37.0,0
2260,10496,2025-03-29 00:59:30,53.22,69.93,grocery,pos,Pune,58.0,0
2261,10011,2025-03-18 06:57:34,32.25,42.24,fashion,web,Ujjain,97.0,0
2262,10499,2025-01-09 19:19:14,23.94,21.27,fuel,web,Bhopal,26.0,0
2263,10015,2025-01-22 09:04:37,57.89,65.16,,mobile,Ujjain,94.0,0
2264,10258,2025-02-09 07:17:47,53.37,57.37,restaurant,web,Ujjain,109.0,0
2265,10052,2025-01-14 13:17:50,28.09,,restaurant,mobile,Dewas,52.0,0
2266,10047,2025-02-21 08:41:10,83.19,94.59,restaurant,web,Bhopal,115.0,0
2267,10341,2025-01-01 18:36:47,22.79,22.2,fashion,mobile,Dewas,,0
2268,10363,2025-01-11 05:12:26,27.68,23.38,,mobile,Indore,95.0,0
2269,10059,2025-01-05 06:03:38,117.18,119.41,grocery,pos,Dewas,46.0,0
2270,10488,2025-01-27 14:15:12,71.13,67.16,restaurant,mobile,Indore,36.0,0
2271,10160,2025-03-10 14:27:46,32.05,32.92,fuel,mobile,Bhopal,103.0,0
2272,10159,2025-01-16 22:54:29,48.75,53.92,restaurant,pos,Pune,53.0,0
2273,10148,2025-03-30 20:19:20,44.73,43.1,,mobile,Bhopal,4.0,0
2274,10230,2025-01-25 06:12:39,6.79,12.81,fuel,mobile,Delhi,86.0,0
2275,10088,2025-01-05 00:56:29,22.44,24.61,restaurant,web,Bhopal,42.0,0
2276,10212,2025-01-31 04:39:54,39.13,48.44,electronics,mobile,Pune,112.0,0
2277,10104,2025-03-09 07:49:59,32.08,34.47,fashion,mobile,Pune,102.0,0
2278,10025,2025-01-10 14:22:07,47.49,46.89,,mobile,Pune,13.0,0
2279,10184,2025-01-07 11:13:20,84.28,95.31,restaurant,pos,Bhopal,108.0,0
2280,10336,2025-03-18 10:34:56,32.82,26.66,fashion,pos,Ujjain,114.0,0
2281,10381,2025-02-23 07:00:24,20.34,27.1,electronics,pos,Dewas,91.0,0
2282,10176,2025-01-31 21:24:34,49.96,48.46,,mobile,Delhi,33.0,0
2283,10161,2025-03-10 01:07:21,32.71,,electronics,pos,Dewas,80.0,0
2284,10393,2025-03-17 23:44:34,36.55,38.23,,pos,Delhi,104.0,0
2285,10340,2025-02-02 07:52:53,33.46,45.98,,web,Pune,98.0,0
2286,10416,2025-02-20 12:09:08,173.68,185.54,grocery,mobile,Delhi,52.0,0
2287,10453,2025-01-01 23:37:08,9.43,5.14,fashion,web,Bhopal,85.0,0
2288,10410,2025-01-28 13:14:45,31.42,38.24,grocery,web,Ujjain,46.0,0
2289,10468,2025-02-23 13:36:32,40.35,54.56,fuel,web,Bhopal,31.0,0
2290,10208,2025-01-18 17:44:15,24.34,40.59,restaurant,mobile,Dewas,,0
2291,10197,2025-03-31 05:05:18,72.59,81.63,grocery,web,Pune,56.0,0
2292,10160,2025-03-29 09:40:08,68.62,91.56,grocery,web,Ujjain,27.0,0
2293,10117,2025-01-24 04:27:13,39.21,41.6,fashion,web,Indore,79.0,0
2294,10374,2025-02-05 16:08:38,33.92,46.78,restaurant,mobile,Ujjain,,0
2295,10357,2025-01-18 01:18:04,37.61,34.59,grocery,pos,,70.0,0
2296,10400,2025-02-15 08:31:56,37.78,,restaurant,pos,Ujjain,44.0,0
2297,10083,2025-01-12 03:40:47,38.44,24.32,fuel,mobile,Bhopal,106.0,0
2298,10245,2025-02-05 04:26:52,35.79,,grocery,web,Ujjain,102.0,0
2299,10110,2025-02-19 23:21:07,47.66,,,pos,Pune,57.0,0
2300,10446,2025-02-25 01:35:05,66.0,63.42,fuel,web,Dewas,,0
2301,10133,2025-02-23 16:19:17,18.18,23.78,grocery,pos,Delhi,22.0,0
2302,10071,2025-01-20 22:15:57,20.43,30.13,fashion,mobile,Dewas,119.0,0
2303,10284,2025-03-13 07:18:18,12.98,10.53,,mobile,Indore,26.0,0
2304,10439,2025-03-04 06:10:39,71.03,71.8,electronics,web,Ujjain,104.0,0
2305,10457,2025-03-09 18:38:17,47.59,49.51,electronics,web,,101.0,0
2306,10048,2025-02-12 02:33:51,56.17,55.18,,mobile,,22.0,0
2307,10162,2025-03-22 07:53:22,15.97,17.08,restaurant,mobile,Delhi,2.0,0
2308,10076,2025-02-05 02:05:35,129.05,145.35,fashion,pos,Delhi,88.0,0
2309,10153,2025-03-14 12:28:08,27.23,28.05,grocery,mobile,Dewas,104.0,0
2310,10266,2025-01-19 07:37:23,45.12,63.93,restaurant,mobile,Dewas,86.0,0
2311,10140,2025-01-23 06:05:48,545.023003481721,610.4257638995276,fuel,web,Ujjain,7.0,0
2312,10033,2025-02-17 09:46:07,21.29,34.98,,mobile,Ujjain,77.0,0
2313,10255,2025-02-20 00:41:42,28.36,23.43,grocery,web,Indore,47.0,0
2314,10026,2025-03-09 03:49:35,45.44,51.48,restaurant,mobile,Ujjain,109.0,0
2315,10113,2025-01-27 18:24:35,,299.7,grocery,mobile,Dewas,96.0,0
2316,10000,2025-03-20 12:55:29,49.19,,restaurant,pos,Pune,,0
2317,10043,2025-01-30 16:20:11,114.91,,fuel,mobile,Bhopal,49.0,0
2318,10218,2025-02-18 01:50:09,88.56,,,web,,39.0,0
2319,10425,2025-03-25 20:59:59,51.38,60.92,fashion,pos,Pune,98.0,0
2320,10387,2025-02-18 13:06:28,,19.49,restaurant,mobile,Delhi,14.0,0
2321,10049,2025-03-03 08:53:42,80.55,95.14,fuel,mobile,,12.0,0
2322,10017,2025-03-23 18:37:45,15.28,32.01,restaurant,mobile,Ujjain,8.0,0
2323,10169,2025-03-29 17:06:55,114.5,132.01,fuel,pos,Dewas,61.0,0
2324,10326,2025-02-14 22:43:09,46.06,56.12,restaurant,web,Ujjain,9.0,0
2325,10373,2025-02-07 12:31:51,7.22,13.46,,mobile,Ujjain,70.0,0
2326,10411,2025-01-18 17:22:13,32.42,24.62,travel,pos,Dewas,20.0,0
2327,10171,2025-02-18 08:51:54,61.87,72.98,electronics,web,Dewas,107.0,0
2328,10084,2025-03-24 15:36:39,34.67,30.7,travel,pos,Ujjain,52.0,0
2329,10013,2025-02-13 20:10:09,,67.39,travel,mobile,Indore,12.0,0
2330,10073,2025-02-01 08:42:44,23.28,43.37,grocery,web,Delhi,83.0,0
2331,10032,2025-01-10 15:44:24,17.31,17.36,fashion,web,Bhopal,41.0,0
2332,10430,2025-02-05 01:49:19,38.61,37.32,grocery,pos,Dewas,32.0,0
2333,10134,2025-01-22 07:16:34,41.29,,grocery,pos,Ujjain,79.0,0
2334,10411,2025-03-29 21:42:07,32.25,28.54,travel,web,Ujjain,114.0,0
2335,10276,2025-02-17 11:41:40,89.81,97.01,restaurant,web,Dewas,117.0,0
2336,10269,2025-01-13 07:53:29,23.27,36.05,grocery,web,Indore,52.0,0
2337,10227,2025-01-07 01:31:42,49.58,55.87,fuel,web,Ujjain,,0
2338,10409,2025-03-18 13:36:21,42.27,34.85,restaurant,mobile,Delhi,25.0,0
2339,10021,2025-03-25 19:57:27,14.7,20.82,,web,Delhi,101.0,0
2340,10046,2025-03-10 16:05:14,17.16,16.05,fashion,web,Bhopal,113.0,0
2341,10211,2025-01-12 03:30:08,40.76,57.97,,web,Indore,62.0,0
2342,10197,2025-01-09 20:17:48,146.61,159.35,restaurant,mobile,Indore,63.0,0
2343,10272,2025-01-18 19:38:18,58.94,74.42,grocery,mobile,Dewas,68.0,0
2344,10368,2025-03-09 14:27:17,13.18,28.97,restaurant,mobile,Delhi,9.0,0
2345,10293,2025-03-10 21:05:37,5.36,-0.8,,mobile,Dewas,103.0,0
2346,10128,2025-03-17 09:45:05,65.14,71.41,grocery,pos,,88.0,0
2347,10163,2025-01-09 17:22:42,38.0,45.67,,mobile,,104.0,0
2348,10376,2025-01-14 18:56:28,84.93,88.26,electronics,pos,Ujjain,14.0,0
2349,10100,2025-03-23 00:36:02,22.82,27.72,grocery,mobile,Indore,96.0,0
2350,10252,2025-03-25 14:05:15,50.79,55.09,fashion,web,Bhopal,44.0,0
2351,10269,2025-03-07 07:30:50,70.11,76.56,restaurant,pos,Ujjain,98.0,0
2352,10375,2025-01-10 13:02:33,30.24,34.26,restaurant,mobile,Indore,119.0,0
2353,10357,2025-01-07 04:13:15,30.66,34.91,fashion,mobile,Dewas,105.0,0
2354,10232,2025-01-06 00:04:04,41.12,47.37,restaurant,web,Bhopal,109.0,0
2355,10154,2025-03-04 06:23:22,57.55,59.67,restaurant,mobile,Pune,14.0,0
2356,10183,2025-03-18 03:17:19,40.07,40.44,electronics,pos,Bhopal,40.0,0
2357,10205,2025-02-26 20:19:03,76.18,,electronics,web,Indore,35.0,0
2358,10109,2025-01-24 14:08:27,29.96,33.2,electronics,web,Delhi,62.0,0
2359,10312,2025-03-10 03:52:29,17.06,15.6,electronics,web,Delhi,117.0,0
2360,10104,2025-01-06 07:43:15,146.21,166.35,electronics,mobile,Pune,82.0,0
2361,10324,2025-03-16 12:54:26,27.3,16.06,,pos,Delhi,,0
2362,10375,2025-03-22 06:28:03,,25.46,electronics,mobile,Bhopal,96.0,0
2363,10480,2025-03-06 15:38:13,38.75,41.16,travel,pos,Delhi,21.0,0
2364,10059,2025-03-21 03:12:39,42.25,,electronics,mobile,Delhi,79.0,0
2365,10379,2025-02-22 18:08:26,,48.27,,mobile,Dewas,60.0,0
2366,10042,2025-02-12 03:40:02,39.99,44.94,travel,web,Delhi,25.0,0
2367,10168,2025-01-30 00:31:14,,,fuel,web,Pune,77.0,0
2368,10088,2025-03-24 22:53:30,45.31,46.88,restaurant,mobile,Delhi,101.0,0
2369,10081,2025-03-04 18:06:39,8.74,9.66,,web,Dewas,99.0,0
2370,10087,2025-01-18 03:28:05,137.36,144.12,grocery,web,Bhopal,101.0,0
2371,10021,2025-03-28 03:03:31,36.75,39.8,grocery,pos,Pune,97.0,0
2372,10411,2025-01-06 07:52:56,58.99,58.57,electronics,mobile,Pune,56.0,0
2373,10030,2025-02-22 21:02:49,16.51,16.27,grocery,web,Ujjain,6.0,0
2374,10199,2025-01-18 03:34:24,29.78,12.87,travel,mobile,Indore,115.0,0
2375,10349,2025-03-01 18:59:05,26.13,20.24,fashion,mobile,Delhi,54.0,0
2376,10495,2025-02-07 03:19:45,105.14,129.47,grocery,pos,Ujjain,76.0,0
2377,10426,2025-02-09 08:11:47,27.64,37.6,electronics,mobile,Pune,3.0,0
2378,10068,2025-03-02 10:31:57,66.2,84.7,restaurant,web,Indore,106.0,0
2379,10493,2025-03-10 01:13:15,26.5,40.78,fuel,web,Pune,106.0,0
2380,10326,2025-02-04 04:53:30,,39.14,grocery,web,Delhi,111.0,0
2381,10089,2025-03-31 18:57:41,34.48,34.99,grocery,mobile,Ujjain,21.0,0
2382,10224,2025-02-14 20:42:00,93.18,96.06,fashion,mobile,Indore,101.0,0
2383,10458,2025-01-15 10:26:27,11.84,22.43,grocery,mobile,Pune,75.0,0
2384,10196,2025-01-01 13:49:16,,19.78,restaurant,mobile,Indore,18.0,0
2385,10091,2025-01-19 05:11:43,11.41,32.73,restaurant,mobile,Indore,68.0,0
2386,10437,2025-03-04 04:45:44,19.95,19.42,electronics,web,Delhi,57.0,0
2387,10476,2025-02-18 13:11:08,23.87,42.52,,web,Delhi,75.0,0
2388,10487,2025-01-31 09:42:49,14.16,14.6,grocery,mobile,Indore,10.0,0
2389,10477,2025-02-13 07:46:15,25.1,,electronics,mobile,Bhopal,68.0,0
2390,10436,2025-03-17 10:20:58,10.92,25.8,electronics,pos,Dewas,81.0,0
2391,10227,2025-02-21 10:35:26,20.87,15.19,fashion,web,Dewas,86.0,0
2392,10096,2025-01-06 05:29:17,88.26,94.97,grocery,mobile,Bhopal,92.0,0
2393,10308,2025-01-05 09:59:59,52.58,50.63,grocery,web,Bhopal,75.0,0
2394,10110,2025-02-13 09:13:44,,,fashion,mobile,Indore,84.0,0
2395,10236,2025-02-06 09:14:13,21.08,28.95,grocery,web,Indore,11.0,0
2396,10328,2025-03-18 13:04:58,14.9,15.11,fashion,mobile,Pune,95.0,0
2397,10473,2025-02-22 11:13:58,19.29,22.02,restaurant,web,,44.0,0
2398,10144,2025-03-10 02:49:18,,48.5,fuel,web,Pune,66.0,0
2399,10125,2025-02-22 16:00:47,71.12,64.8,restaurant,mobile,Indore,66.0,0
2400,10367,2025-02-01 01:48:11,72.71,91.73,restaurant,mobile,Pune,117.0,0
2401,10003,2025-03-01 03:50:28,365.5938004355931,409.46505648786433,,mobile,Bhopal,39.0,0
2402,10283,2025-02-25 22:17:09,25.04,32.3,,mobile,Delhi,46.0,0
2403,10372,2025-03-06 19:39:59,41.1,51.0,fashion,pos,Pune,91.0,0
2404,10275,2025-01-18 00:45:37,32.82,47.72,fashion,web,Bhopal,76.0,0
2405,10191,2025-02-27 17:44:31,35.49,38.91,restaurant,mobile,Delhi,38.0,0
2406,10414,2025-01-26 16:36:54,152.04,153.3,fuel,pos,Bhopal,41.0,1
2407,10185,2025-03-13 02:55:30,12.87,14.87,fuel,mobile,Delhi,99.0,0
2408,10355,2025-03-13 20:48:48,34.73,40.5,grocery,mobile,Pune,100.0,0
2409,10232,2025-02-26 05:28:58,88.91,91.31,fuel,mobile,Delhi,18.0,0
2410,10013,2025-03-27 04:52:04,15.6,18.65,restaurant,web,Delhi,48.0,0
2411,10265,2025-02-18 09:00:59,26.62,26.93,restaurant,mobile,Bhopal,92.0,0
2412,10024,2025-01-03 06:17:51,28.68,21.38,electronics,mobile,Indore,15.0,0
2413,10465,2025-02-24 13:23:03,34.98,44.55,fuel,pos,Dewas,22.0,0
2414,10300,2025-03-11 23:49:28,14.33,11.54,restaurant,pos,Indore,19.0,0
2415,10186,2025-01-10 02:34:39,59.56,63.46,travel,web,,63.0,0
2416,10243,2025-01-10 09:56:14,62.37,66.15,fashion,web,Pune,54.0,0
2417,10309,2025-01-25 14:01:05,56.29,72.93,restaurant,mobile,Indore,39.0,0
2418,10130,2025-03-17 23:34:24,22.97,25.4,grocery,mobile,Pune,17.0,0
2419,10144,2025-02-17 11:11:00,42.79,48.56,grocery,mobile,Dewas,76.0,0
2420,10209,2025-03-29 21:06:36,,21.72,restaurant,mobile,Indore,97.0,0
2421,10129,2025-03-20 13:39:08,32.58,40.19,travel,mobile,Delhi,26.0,0
2422,10378,2025-02-19 22:26:27,163.98,194.45,restaurant,pos,Indore,80.0,0
2423,10051,2025-03-03 02:45:04,,53.39,grocery,mobile,Dewas,95.0,0
2424,10413,2025-01-30 18:57:50,18.69,,grocery,web,Dewas,67.0,0
2425,10174,2025-01-09 03:16:53,45.48,55.79,travel,mobile,Delhi,69.0,0
2426,10280,2025-02-05 21:16:24,16.8,7.77,restaurant,mobile,Bhopal,20.0,0
2427,10078,2025-02-23 07:18:50,18.55,13.77,fashion,web,Indore,114.0,0
2428,10192,2025-01-17 09:32:09,,21.39,fashion,web,Bhopal,114.0,0
2429,10377,2025-01-20 22:57:14,30.3,28.13,fuel,mobile,Delhi,85.0,0
2430,10135,2025-01-02 08:23:14,74.37,74.78,,mobile,Pune,108.0,0
2431,10066,2025-03-08 01:28:32,58.91,51.0,grocery,pos,,73.0,0
2432,10260,2025-03-22 22:46:00,56.82,52.87,fuel,mobile,Bhopal,79.0,0
2433,10081,2025-03-16 11:16:20,19.8,20.12,fashion,web,Pune,99.0,0
2434,10157,2025-02-04 04:47:37,28.45,31.31,travel,mobile,Ujjain,5.0,0
2435,10225,2025-02-23 09:51:55,48.27,47.72,fashion,mobile,Ujjain,27.0,0
2436,10282,2025-03-28 11:20:13,26.89,30.75,grocery,pos,Delhi,25.0,0
2437,10319,2025-02-23 05:20:35,33.75,34.33,grocery,mobile,Bhopal,76.0,0
2438,10338,2025-01-27 15:07:01,53.89,69.08,fuel,mobile,Dewas,29.0,0
2439,10422,2025-01-31 11:21:27,32.24,,fashion,pos,Bhopal,47.0,0
2440,10033,2025-03-07 10:36:20,46.85,58.04,electronics,mobile,Dewas,59.0,0
2441,10181,2025-02-10 03:54:00,113.89,129.18,restaurant,web,Ujjain,89.0,0
2442,10000,2025-03-17 08:34:48,36.17,29.29,grocery,mobile,Delhi,62.0,0
2443,10004,2025-03-19 18:28:26,87.06,96.78,restaurant,mobile,Bhopal,3.0,0
2444,10106,2025-01-04 05:24:02,58.18,55.28,fuel,mobile,Dewas,,0
2445,10299,2025-03-07 02:22:18,15.58,16.58,grocery,pos,Ujjain,51.0,0
2446,10447,2025-02-03 07:06:44,19.76,16.17,restaurant,web,Indore,14.0,0
2447,10386,2025-02-16 18:40:04,23.53,29.41,restaurant,mobile,Dewas,78.0,0
2448,10323,2025-01-24 19:57:16,23.2,15.25,fuel,web,,33.0,0
2449,10389,2025-02-03 03:22:55,38.14,42.83,grocery,web,Pune,55.0,0
2450,10085,2025-01-30 17:37:17,60.31,72.13,grocery,mobile,Pune,116.0,0
2451,10419,2025-01-05 12:49:12,91.46,109.7,fashion,pos,Ujjain,29.0,0
2452,10445,2025-03-12 10:47:10,49.42,49.24,,mobile,Ujjain,106.0,0
2453,10047,2025-01-13 20:53:45,30.27,34.04,restaurant,mobile,Dewas,56.0,0
2454,10234,2025-02-03 19:43:28,10.45,13.18,restaurant,web,Ujjain,111.0,0
2455,10415,2025-01-18 08:56:03,42.35,59.81,restaurant,mobile,Pune,102.0,0
2456,10238,2025-01-15 10:54:58,41.13,34.21,grocery,mobile,Indore,100.0,0
2457,10420,2025-02-03 14:30:30,45.55,43.73,fuel,pos,,25.0,0
2458,10467,2025-03-24 16:32:03,,200.54,restaurant,mobile,Ujjain,95.0,1
2459,10237,2025-03-26 23:21:00,90.59,99.28,grocery,pos,Delhi,44.0,0
2460,10029,2025-02-04 08:28:20,67.38,60.34,grocery,pos,,109.0,0
2461,10170,2025-02-15 11:07:52,21.64,19.58,restaurant,mobile,Bhopal,,0
2462,10107,2025-03-30 17:06:32,28.98,10.31,fashion,mobile,Pune,73.0,0
2463,10237,2025-01-22 03:15:17,38.03,44.52,restaurant,mobile,Bhopal,109.0,0
2464,10292,2025-03-27 00:34:05,24.43,33.84,grocery,pos,Ujjain,64.0,0
2465,10231,2025-01-10 12:25:13,56.0,55.43,,mobile,Indore,5.0,0
2466,10097,2025-01-21 07:50:42,51.01,,grocery,mobile,Dewas,105.0,0
2467,10150,2025-01-31 10:44:23,19.94,29.72,grocery,mobile,Indore,64.0,0
2468,10339,2025-01-04 08:06:06,88.05,84.61,fashion,mobile,Bhopal,6.0,0
2469,10013,2025-03-15 09:58:41,43.23,37.85,restaurant,pos,Dewas,8.0,0
2470,10107,2025-03-18 23:41:54,13.15,12.9,fashion,pos,Bhopal,87.0,0
2471,10446,2025-02-04 12:01:13,39.12,,restaurant,web,Delhi,110.0,0
2472,10049,2025-03-17 06:35:36,48.56,,restaurant,web,Delhi,83.0,0
2473,10207,2025-03-11 12:36:45,76.12,75.14,electronics,pos,Indore,53.0,0
2474,10103,2025-03-14 03:02:09,32.48,38.09,electronics,mobile,Delhi,37.0,0
2475,10052,2025-03-14 05:50:33,69.28,76.4,fashion,pos,,,0
2476,10211,2025-02-21 14:43:18,45.68,55.56,fashion,mobile,Ujjain,39.0,0
2477,10260,2025-01-10 23:22:22,17.21,20.88,electronics,pos,Bhopal,33.0,0
2478,10088,2025-03-25 02:43:50,16.12,19.71,travel,mobile,Bhopal,16.0,0
2479,10038,2025-02-24 18:42:18,83.9,82.4,electronics,web,Bhopal,68.0,0
2480,10067,2025-03-23 02:43:51,,102.5,electronics,web,Bhopal,26.0,0
2481,10325,2025-03-28 07:38:50,49.89,53.23,fashion,mobile,Pune,18.0,0
2482,10430,2025-01-17 20:16:15,106.93,118.43,grocery,web,Dewas,33.0,0
2483,10090,2025-02-06 04:37:05,,98.41,travel,pos,Pune,96.0,0
2484,10160,2025-01-18 07:47:13,,64.89,fashion,mobile,Bhopal,69.0,0
2485,10171,2025-01-05 14:02:21,22.37,35.86,fuel,mobile,Dewas,59.0,0
2486,10180,2025-03-28 23:26:16,124.64,151.15,travel,web,Indore,71.0,0
2487,10122,2025-03-25 02:20:01,57.32,70.22,,pos,Ujjain,68.0,0
2488,10027,2025-03-25 20:33:46,31.48,27.41,grocery,mobile,Dewas,60.0,0
2489,10262,2025-03-21 12:43:09,26.2,,grocery,pos,Ujjain,101.0,0
2490,10178,2025-02-28 09:21:03,47.79,62.16,grocery,pos,,87.0,0
2491,10171,2025-02-16 23:49:31,13.65,,grocery,mobile,Ujjain,23.0,0
2492,10132,2025-03-31 05:35:01,63.74,,grocery,pos,Indore,98.0,0
2493,10464,2025-02-19 16:52:00,21.76,33.76,electronics,mobile,Delhi,21.0,0
2494,10305,2025-02-27 19:39:06,51.46,50.74,grocery,mobile,Indore,10.0,0
2495,10209,2025-01-20 01:21:38,28.82,28.89,,web,Ujjain,51.0,0
2496,10102,2025-03-09 04:53:22,34.06,42.35,grocery,web,,47.0,0
2497,10400,2025-03-15 18:00:49,24.73,18.79,travel,mobile,Delhi,94.0,0
2498,10444,2025-03-03 01:37:11,36.42,39.91,fashion,mobile,Pune,83.0,0
2499,10016,2025-02-14 20:58:33,138.12,163.41,grocery,mobile,Ujjain,7.0,0
2500,10464,2025-01-18 19:23:42,99.51,113.14,fuel,pos,Bhopal,60.0,0
1594,10009,2025-03-28 09:15:34,42.94,35.63,fashion,mobile,Bhopal,,0
2268,10363,2025-01-11 05:12:26,27.68,23.38,,mobile,Indore,95.0,0
1979,10028,2025-02-18 08:17:34,64.9,64.85,restaurant,mobile,Dewas,112.0,0
75,10343,2025-03-11 13:33:14,128.83,153.04,travel,web,Pune,114.0,0
2215,10057,2025-02-15 01:25:38,32.04,37.65,travel,web,Dewas,,0
1727,10474,2025-02-25 04:18:58,24.9,14.72,grocery,mobile,Bhopal,98.0,0
2100,10123,2025-03-30 22:22:56,7.02,12.43,fashion,web,Indore,78.0,0
208,10484,2025-01-28 08:12:02,39.91,49.99,fashion,pos,Dewas,57.0,0
1476,10151,2025-02-27 23:03:39,19.77,0.76,restaurant,web,Dewas,22.0,0
228,10289,2025-01-04 14:36:18,34.61,,restaurant,pos,Delhi,73.0,0
670,10066,2025-02-26 14:28:49,26.22,28.51,grocery,mobile,Ujjain,14.0,0
29,10272,2025-01-08 18:34:12,41.42,41.43,fashion,mobile,Indore,47.0,0
294,10165,2025-02-18 03:22:48,23.23,32.81,grocery,web,Dewas,,0
716,10399,2025-01-01 11:32:46,58.01,62.86,grocery,pos,Delhi,42.0,0
903,10109,2025-03-30 13:50:24,22.29,24.67,grocery,pos,Dewas,5.0,0
1417,10317,2025-03-18 11:32:40,,132.06,travel,mobile,,111.0,0
1297,10131,2025-01-06 20:17:06,415.55876454553953,465.4258162910043,electronics,pos,Ujjain,26.0,0
1779,10153,2025-03-17 23:37:41,53.1,40.93,electronics,pos,Pune,85.0,0
1756,10159,2025-01-30 10:14:54,57.48,53.78,grocery,pos,Bhopal,107.0,0
99,10318,2025-03-29 03:55:02,29.47,43.99,travel,pos,Ujjain,66.0,0
355,10484,2025-03-07 03:30:59,75.97,78.61,fashion,web,Ujjain,13.0,0
1954,10232,2025-02-25 02:50:10,,35.36,electronics,mobile,,80.0,0
2262,10499,2025-01-09 19:19:14,23.94,21.27,fuel,web,Bhopal,26.0,0
196,10043,2025-02-03 07:09:58,21.54,20.25,restaurant,mobile,Ujjain,114.0,0
1382,10142,2025-02-21 18:22:00,47.13,60.91,fashion,web,Dewas,22.0,0
815,10388,2025-03-18 04:48:34,19.89,26.81,restaurant,pos,Pune,45.0,0
1487,10081,2025-01-07 09:53:17,82.64,104.86,fashion,web,Pune,23.0,0
376,10047,2025-03-01 18:49:25,62.76,65.05,restaurant,web,,55.0,0
1664,10276,2025-03-06 07:01:50,58.16,45.14,grocery,mobile,Ujjain,21.0,0
763,10474,2025-03-19 13:31:08,28.32,25.34,fuel,pos,Ujjain,10.0,0
